﻿ma_gio_hang,ma_nguyen_lieu,ma_gian_hang,so_luong,ngay_them
GHMISC5AR1,NL1106,GHNDTH01,1.0,2025-12-06 12:32:00
GHMISC5AR1,NL119,GHNDBR01,5.0,2025-12-06 12:17:44
GHMISC5AR1,NL15,GHND1BRT,3.0,2025-12-06 04:34:13
GHMISC5AR1,NL3018,GHNDTH01,1.0,2025-12-06 09:47:14
GHMISC5AR1,NL3213,GHNDBTH1,2.0,2025-12-05 04:13:45
GHMISC5AR1,NL389,GHNDBTH3,1625.0,2025-12-06 04:34:14
GHMISC5AR1,NL46,GHND1BRT,3.0,2025-12-06 04:34:15
GHMIUD6B72,NL119,GHNDBR01,2.0,2025-12-06 14:05:07
GHMIUD6B72,NL15,GHND1BRT,1.0,2025-12-06 14:05:07
GHMIUD6B72,NL3054,GH000033,1.0,2025-12-06 14:05:08
GHMIUD6B72,NL389,GHNDBTH3,500.0,2025-12-06 14:05:08
GHMIUD6B72,NL46,GHND1BRT,1.0,2025-12-06 14:05:09
GHMIUDIWHB,NL119,GHNDBR01,3.0,2025-12-06 14:14:28
GHMIUDIWHB,NL15,GHND1BRT,1.0,2025-12-06 14:14:29
GHMIUDIWHB,NL3054,GH000033,1.0,2025-12-06 14:14:29
GHMIUDIWHB,NL389,GHNDBTH3,625.0,2025-12-06 14:14:30
GHMIUDIWHB,NL46,GHND1BRT,1.0,2025-12-06 14:14:30
