﻿ma_don_hang,ma_nguyen_lieu,ma_gian_hang,so_luong,gia_cuoi,ma_mon_an,thanh_tien
DH000001,NL1003,GH000030,0.5,17100,,8550
DH000001,NL1005,GH000030,0.3,12000,,3600
DH000001,NL1012,GH000004,0.7,50000,,35000
DH000002,NL1003,GH000030,2.0,17100,,34200
DH000002,NL1006,GH000004,3.0,63000,,189000
DH000002,NL1025,GH000032,5.0,117000,,585000
DH000002,NL107,GH000032,4.0,171000,,684000
DH000002,NL1083,GH000033,6.0,13000,,78000
DH000002,NL1106,GH000033,3.0,30000,,90000
DHMHEVUTV8,NL1415,GH000033,3.0,236000,,708000
DHMHKAQBUQ,NL1415,GH000033,2.0,236000,,472000
DHMHKAUTSI,NL1415,GH000033,2.0,236000,,472000
DHMHLT3WT7,NL1415,GH000033,2.0,236000,,472000
DHMHPKSQQO,NL1415,GH000033,3.0,236000,,708000
DHMHRU6GXK,NL1415,GH000033,2.0,236000,,472000
DHMI0CCP2G,NL1415,GH000033,3.0,236000,,708000
DHMI4SKQ95,NL1415,GH000033,2.0,236000,,472000
DHMI4SKQ95,NL3018,GH000040,3.0,9000,,27000
DHMI4SKQ95,NL3018,GHNDTH01,2.0,10000,,20000
DHMI93RQNI,NL1455,GHNDBTH1,5.0,12000,,60000
DHMI93RQNI,NL3018,GH000040,12.0,9000,,108000
DHMI93RQNI,NL3018,GHNDTH01,40.0,10000,,400000
DHMI940I27,NL3018,GHNDTH01,1.0,10000,,10000
DHMIDJNJ5O,NL117,GH000004,1.0,135000,,135000
DHMIDJNJ5O,NL1455,GHNDBTH1,1.0,12000,,12000
DHMIDJNJ5O,NL3018,GHNDTH01,1.0,10000,,10000
DHMIDYGEKX,NL1415,GH000033,2.0,236000,,472000
DHMIDYGEKX,NL3018,GH000040,5.0,9000,,45000
DHMILN13U0,NL1455,GHNDBTH1,2.0,12000,,24000
DHMILN13U0,NL3018,GHNDTH01,1.0,10000,,10000
DHMILNH3PF,NL3018,GHNDTH01,1.0,10000,,10000
DHMILNJ5HW,NL1455,GHNDBTH1,1.0,12000,,12000
DHMILNMF8M,NL3018,GHNDTH01,1.0,10000,,10000
DHMILNNP9A,NL3018,GH000040,1.0,9000,,9000
DHMILNNP9A,NL3018,GHNDTH01,1.0,10000,,10000
DHMILNQNPS,NL3018,GH000040,1.0,9000,,9000
DHMILNX0PX,NL3018,GHNDTH01,1.0,10000,,10000
DHMILNZRTT,NL3018,GHNDTH01,1.0,10000,,10000
DHMILO0W6M,NL3018,GHNDTH01,1.0,10000,,10000
DHMILO4768,NL3018,GHNDTH01,1.0,10000,,10000
DHMILONE70,NL3018,GHNDTH01,1.0,10000,,10000
DHMILPLWX6,NL3018,GHNDTH01,1.0,10000,,10000
DHMILPTL22,NL3018,GHNDTH01,1.0,10000,,10000
DHMILQ05VA,NL1455,GHNDBTH1,1.0,12000,,12000
DHMILVX5GN,NL3018,GHNDTH01,1.0,10000,,10000
DHMILVZD80,NL1742,GHNDTH03,1.0,26000,,26000
DHMILWOJZS,NL17,GHNDTH02,1.0,5000,,5000
DHMILWOJZS,NL20,GHNDBRT2,1.0,63000,,63000
DHMIMH5ERZ,NL3018,GHNDTH01,5.0,10000,,50000
DHMIMHQAQF,NL1415,GHQ44968,5.0,90000,,450000
DHMIMHUIJS,NL1415,GHQ44968,2.0,90000,,180000
DHMIMJ15Q0,NL1415,GHQ44968,2.0,90000,,180000
DHMIMJ6Z3D,NL1415,GH000033,2.0,236000,,472000
DHMINXIM4X,NL1415,GH000033,2.0,236000,,472000
DHMINXLKKT,NL1415,GH000033,1.0,236000,,236000
DHMIO0BWRV,NL15,GHND1BRT,5.0,38000,,190000
DHMIO0BWRV,NL236,GHNDBR03,5.0,36000,,180000
DHMIO0BWRV,NL2790,GHNDTH15,18.0,73000,,1314000
DHMIO0BWRV,NL420,GHNDTH03,135.0,180000,,24300000
DHMIO0BWRV,NL421,GHNDTH01,675.0,620000,,418500000
DHMIO0BWRV,NL46,GHND1BRT,5.0,22000,,110000
DHMIO34L25,NL1415,GHQ44968,5.0,90000,,450000
DHMIO3U85F,NL1415,GHQ44968,2.0,90000,,180000
DHMIQW1AU9,NL1812,GH000033,1.0,28000,,28000
DHMIQW1NVF,NL3018,GHNDTH01,4.0,10000,,40000
DHMIQW7419,NL1455,GHNDBTH1,1.0,12000,,12000
DHMIQWFA7L,NL1455,GHNDBTH1,2.0,12000,,24000
DHMIQXTFI9,NL1455,GHNDBTH1,1.0,12000,,12000
DHMIQXXIFV,NL3018,GHNDTH01,2.0,10000,,20000
DHMIQXXTGE,NL3018,GHNDTH01,1.0,10000,,10000
DHMIQY29TZ,NL3018,GHNDTH01,1.0,10000,,10000
DHMIQY5M8M,NL3018,GHNDTH01,1.0,10000,,10000
DHMIQZFYYK,NL3018,GH000040,1.0,9000,,9000
DHMIQZFYYK,NL3018,GHNDTH01,2.0,10000,,20000
DHMIQZNXY3,NL3018,GHNDTH01,1.0,10000,,10000
DHMIQZPBCW,NL3018,GH000040,1.0,9000,,9000
DHMIQZPBCW,NL3018,GHNDTH01,1.0,10000,,10000
DHMIQZXHAK,NL3018,GHNDTH01,1.0,10000,,10000
DHMIQZZRFW,NL3018,GHNDTH01,1.0,10000,,10000
DHMIR01H3C,NL3018,GHNDTH01,1.0,10000,,10000
DHMIR02SI7,NL3018,GHNDTH01,1.0,10000,,10000
DHMIR07W29,NL3018,GHNDTH01,1.0,10000,,10000
DHMIR08ANV,NL3018,GHNDTH01,1.0,10000,,10000
DHMIR0ALYD,NL3018,GHNDTH01,1.0,10000,,10000
DHMIR0BZJQ,NL3018,GHNDTH01,1.0,10000,,10000
DHMIR0DH1M,NL3018,GHNDTH01,1.0,10000,,10000
DHMIR0EZFG,NL1455,GHNDBTH1,1.0,12000,,12000
DHMIR0JEA7,NL3018,GHNDTH01,1.0,10000,,10000
DHMIR1EWNQ,NL3018,GHNDTH01,1.0,10000,,10000
DHMISAXZUN,NL3018,GHNDTH01,2.0,10000,,20000
DHMISB1AZP,NL3018,GHNDTH01,1.0,10000,,10000
DHMISB30OR,NL3018,GHNDTH01,1.0,10000,,10000
DHMISB3CQB,NL3018,GHNDTH01,2.0,10000,,20000
DHMISB5OM0,NL1455,GHNDBTH1,1.0,12000,,12000
DHMISB8H4R,NL3018,GHNDTH01,1.0,10000,,10000
DHMISB8S2V,NL3018,GHNDTH01,1.0,10000,,10000
DHMISB936Z,NL3018,GHNDTH01,1.0,10000,,10000
DHMISBAWEF,NL3018,GHNDTH01,1.0,10000,,10000
DHMISBRARI,NL3018,GHNDTH01,2.0,10000,,20000
DHMISBYIWA,NL3018,GHNDTH01,1.0,10000,,10000
DHMISC4KZ8,NL3018,GHNDTH01,1.0,10000,,10000
DHMISDISLU,NL1792,GH000037,1.0,18000,,18000
DHMISXVM51,NL1415,GHQ44968,2.0,90000,,180000
DHMITQ1B8H,NL3018,GHNDTH01,2.0,10000,,20000
DHMITQDPKA,NL981,GH000033,1.0,11000,,11000
DHMIU3E07V,NL3054,GH000033,1.0,50000,,50000
DHMIU4N6GB,NL119,GHNDBR01,2.0,43000,,86000
DHMIU5GULL,NL1290,GH000030,1.0,40000,,40000
DHMIU9BJVH,NL1004,GH000030,1.0,15000,,15000
DHMIU9MQFQ,NL3054,GH000033,2.0,50000,,100000
DHMIUCRB2V,NL3018,GHNDTH01,2.0,10000,,20000
DHMIUCRQ8M,NL1455,GHNDBTH1,3.0,12000,,36000
DHMIUCSPMZ,NL117,GH000004,1.0,135000,,135000
DHMIUD91VD,NL3018,GHNDTH01,2.0,10000,,20000
DHMIUD9KSA,NL117,GH000004,2.0,135000,,270000
DHMIUDL7KF,NL1455,GHNDBTH1,1.0,12000,,12000
DHMIUDLMR9,NL1886,GHNDBR03,2.0,15000,,30000
