﻿ma_cho,ten_cho,ma_khu_vuc,khu_vuc,dia_chi,hinh_anh
C01,Bắc Mỹ An,KV01,Ngũ Hành Sơn,"25 Nguyễn Bá Lân, Bắc Mỹ An, Ngũ Hành Sơn, Đà Nẵng 550000",https://storage.googleapis.com/monan-bucket/cho_01.jpg
C02,Khuê Mỹ,KV01,Ngũ Hành Sơn,"16 Trần Hoành, Khuê Mỹ, Ngũ Hành Sơn, Đà Nẵng, Việt Nam",https://storage.googleapis.com/monan-bucket/cho_02.webp
C03,Chợ Bình Kỳ,KV01,Ngũ Hành Sơn,"164 Đ. Bình Kỳ, Hoà Quý, Ngũ Hành Sơn, Đà Nẵng 550000, Việt Nam",https://storage.googleapis.com/monan-bucket/cho_03.jpg
C04,Chợ Non Nước,KV01,Ngũ Hành Sơn,"43 Ấp Bắc, Hoà Hải, Ngũ Hành Sơn, Đà Nẵng 550000, Việt Nam",https://storage.googleapis.com/monan-bucket/cho_04.jpg
C05,Chợ Cồn,KV02,Hải Châu,"90 Hùng Vương, Hải Châu, Đà Nẵng 550000, Việt Nam",https://storage.googleapis.com/monan-bucket/cho_05.webp
