﻿ma_don_hang,ma_thanh_toan,ma_nguoi_mua,tong_tien,dia_chi_giao_hang,tinh_trang_don_hang,thoi_gian_giao_hang
DH000001,TT000001,NM8ZZZWP,47150,"123 Lê Duẩn, Đà Nẵng",da_giao,2025-10-29 15:00:00
DH000002,TT000002,NMJQ89G4,1660200,"56 Nguyễn Văn Linh, Đà Nẵng",da_giao,2025-10-30 10:30:00
DHMHEVUTV8,TTMHEVUTV8,NMJQ89G4,708000,Chưa xác định,da_xac_nhan,2025-10-31 13:22:23
DHMHKAQBUQ,,NMJQ89G4,472000,Chưa xác định,da_xac_nhan,2025-11-04 08:17:38
DHMHKAUTSI,TTV26NFMAD,NMJQ89G4,472000,Chưa xác định,da_xac_nhan,2025-11-04 08:21:08
DHMHLT3WT7,TTS2ELPNXN,NMJQ89G4,472000,Chưa xác định,da_xac_nhan,2025-11-05 09:39:51
DHMHPKSQQO,TTNYD7LQWL,NMJQ89G4,708000,"{""name"":""Hieu Nguoi Mua"",""phone"":""1231231231"",""address"":""Son Tra Da Nang""}",da_xac_nhan,2025-11-08 00:58:18
DHMHRU6GXK,TTMHKOITZV,NMJQ89G4,472000,"{""name"":""Nguyen Van B"",""phone"":""0987654321"",""address"":""10 Le Loi, Hai Chau, Da Nang""}",da_xac_nhan,2025-11-05 13:00:00
DHMI0CCP2G,TTFKD0H9RH,NMN3LJ9R,708000,"{""name"":""vinhtuong294"",""phone"":""0980219031"",""address"":""217 Lê Duẩn""}",da_xac_nhan,2025-11-15 13:47:20
DHMI4SKQ95,,NMJQ89G4,519000,Chưa xác định,chua_xac_nhan,2025-11-18 16:32:33
DHMI93RQNI,TTT18DR5R2,NM48UNWT,568000,"{""name"":""Đinh Lê Thái Dương"",""phone"":""0912345678"",""address"":""123 Nguyễn Văn Linh, Đà Nẵng""}",da_xac_nhan,2025-11-21 16:57:01
DHMI940I27,,NM6UF7Q7,10000,Chưa xác định,chua_xac_nhan,2025-11-21 17:03:50
DHMIDJNJ5O,,NM48UNWT,157000,Chưa xác định,chua_xac_nhan,2025-11-24 19:32:43
DHMIDYGEKX,TTIJIEUBFO,NMJQ89G4,517000,"{""name"":""Nguyễn Văn Hieu"",""phone"":""0912345678"",""address"":""123 Nguyễn Văn Linh, Đà Nẵng""}",da_xac_nhan,2025-11-25 02:27:05
DHMILN13U0,TTHGTI8RJH,NM48UNWT,34000,"{""name"":""Đinh Lê Thái Dương"",""phone"":""0912345678"",""address"":""123 Nguyễn Văn Linh, Đà Nẵng""}",chua_xac_nhan,2025-11-30 11:29:25
DHMILNH3PF,,NM48UNWT,10000,Chưa xác định,chua_xac_nhan,2025-11-30 11:41:51
DHMILNJ5HW,,NM48UNWT,12000,Chưa xác định,chua_xac_nhan,2025-11-30 11:43:27
DHMILNMF8M,,NM48UNWT,10000,Chưa xác định,chua_xac_nhan,2025-11-30 11:45:59
DHMILNNP9A,,NM48UNWT,19000,Chưa xác định,chua_xac_nhan,2025-11-30 11:46:59
DHMILNQNPS,,NM48UNWT,9000,Chưa xác định,chua_xac_nhan,2025-11-30 11:49:17
DHMILNX0PX,TT8ZTFL0I0,NM48UNWT,10000,"{""name"":""Đinh Lê Thái Dương"",""phone"":""0912345678"",""address"":""123 Nguyễn Văn Linh, Đà Nẵng""}",chua_xac_nhan,2025-11-30 11:54:14
DHMILNZRTT,TTJHOGF6T3,NM48UNWT,10000,"{""name"":""Đinh Lê Thái Dương"",""phone"":""0912345678"",""address"":""123 Nguyễn Văn Linh, Đà Nẵng""}",chua_xac_nhan,2025-11-30 11:56:22
DHMILO0W6M,TTFPBJWZVF,NM48UNWT,10000,"{""name"":""Đinh Lê Thái Dương"",""phone"":""0912345678"",""address"":""123 Nguyễn Văn Linh, Đà Nẵng""}",dang_giao,2025-11-30 11:57:14
DHMILO4768,TT9UXPY5A3,NM48UNWT,10000,"{""name"":""Đinh Lê Thái Dương"",""phone"":""0912345678"",""address"":""123 Nguyễn Văn Linh, Đà Nẵng""}",da_xac_nhan,2025-11-30 11:59:49
DHMILONE70,TTL1QWD8CG,NM48UNWT,10000,"{""name"":""Đinh Lê Thái Dương"",""phone"":""0912345678"",""address"":""123 Nguyễn Văn Linh, Đà Nẵng""}",da_xac_nhan,2025-11-30 12:14:44
DHMILPLWX6,TTXKAX9BWY,NM48UNWT,10000,"{""name"":""Đinh Lê Thái Dương"",""phone"":""0912345678"",""address"":""123 Nguyễn Văn Linh, Đà Nẵng""}",da_xac_nhan,2025-11-30 12:41:35
DHMILPTL22,TTIMJKR376,NM48UNWT,10000,"{""name"":""Đinh Lê Thái Dương"",""phone"":""0912345678"",""address"":""123 Nguyễn Văn Linh, Đà Nẵng""}",da_xac_nhan,2025-11-30 12:47:33
DHMILQ05VA,TTZQ7NT5TV,NM48UNWT,12000,"{""name"":""Đinh Lê Thái Dương"",""phone"":""0912345678"",""address"":""123 Nguyễn Văn Linh, Đà Nẵng""}",da_xac_nhan,2025-11-30 12:52:39
DHMILVX5GN,,NM48UNWT,10000,Chưa xác định,chua_xac_nhan,2025-11-30 15:38:17
DHMILVZD80,TT2FSZMI1M,NM48UNWT,26000,"{""name"":""Đinh Lê Thái Dương"",""phone"":""0912345678"",""address"":""123 Nguyễn Văn Linh, Đà Nẵng""}",da_xac_nhan,2025-11-30 15:40:00
DHMILWOJZS,,NM48UNWT,68000,Chưa xác định,chua_xac_nhan,2025-11-30 15:59:35
DHMIMH5ERZ,,NMJQ89G4,50000,Chưa xác định,chua_xac_nhan,2025-12-01 01:32:34
DHMIMHQAQF,TTFQPO5QKU,NMJQ89G4,450000,"{""name"":""Nguyễn Văn A"",""phone"":""0912345678"",""address"":""123 Nguyễn Văn Linh, Đà Nẵng""}",da_xac_nhan,2025-12-01 01:48:48
DHMIMHUIJS,TTL1D4OC75,NMJQ89G4,180000,"{""name"":""Nguyễn Văn Hieu"",""phone"":""0912345678"",""address"":""123 Nguyễn Văn Linh, Đà Nẵng""}",da_xac_nhan,2025-12-01 01:52:05
DHMIMJ15Q0,,NMJQ89G4,180000,"{""name"":""Nguyễn Văn Hieu"",""phone"":""0912345678"",""address"":""123 Nguyễn Văn Linh, Đà Nẵng""}",chua_xac_nhan,2025-12-01 02:25:15
DHMIMJ6Z3D,TTR7ZSX3GS,NMJQ89G4,472000,"{""name"":""Nguyễn Văn Hieu"",""phone"":""0912345678"",""address"":""123 Nguyễn Văn Linh, Đà Nẵng""}",chua_xac_nhan,2025-12-01 02:29:46
DHMINXIM4X,TTBYOB53ZQ,NMJQ89G4,472000,"{""name"":""Nguyễn Văn Hieu"",""phone"":""0912345678"",""address"":""123 Nguyễn Văn Linh, Đà Nẵng""}",da_xac_nhan,2025-12-02 01:58:30
DHMINXLKKT,TTGUVW0U5Y,NMJQ89G4,236000,"{""name"":""Nguyễn Văn A"",""phone"":""0912345678"",""address"":""123 Nguyễn Văn Linh, Đà Nẵng""}",da_xac_nhan,2025-12-02 02:00:48
DHMIO0BWRV,TTMKQ66LMF,NMJQ89G4,444594000,"{""name"":""Nguyễn Văn Bê"",""phone"":""0912345678"",""address"":""123 Nguyễn Văn Linh, Đà Nẵng""}",da_xac_nhan,2025-12-02 03:17:16
DHMIO34L25,TTR77OU5P9,NMJQ89G4,450000,"{""name"":""Nguyễn Văn Hiếu"",""phone"":""0912345678"",""address"":""123 Nguyễn Văn Linh, Đà Nẵng""}",dang_giao,2025-12-02 04:35:33
DHMIO3U85F,TTYUMYGR4J,NMJQ89G4,180000,"{""name"":""Nguyễn Văn Hieu"",""phone"":""0912345678"",""address"":""123 Nguyễn Văn Linh, Đà Nẵng""}",da_giao,2025-12-02 04:55:29
DHMIQW1AU9,,NM48UNWT,28000,"{""name"":""Đinh Lê Thái Dương"",""phone"":""0912345678"",""address"":""123 Nguyễn Văn Linh, Đà Nẵng""}",chua_xac_nhan,2025-12-04 03:40:21
DHMIQW1NVF,,NM48UNWT,40000,"{""name"":""Đinh Lê Thái Dương"",""phone"":""0912345678"",""address"":""123 Nguyễn Văn Linh, Đà Nẵng""}",chua_xac_nhan,2025-12-04 03:40:38
DHMIQW7419,,NM48UNWT,12000,"{""name"":""Đinh Lê Thái Dương"",""phone"":""0912345678"",""address"":""123 Nguyễn Văn Linh, Đà Nẵng""}",chua_xac_nhan,2025-12-04 03:44:52
DHMIQWFA7L,TTRQTRODB8,NMJQ89G4,24000,"{""name"":""Nguyễn Văn Hieu"",""phone"":""0912345678"",""address"":""123 Nguyễn Văn Linh, Đà Nẵng""}",da_xac_nhan,2025-12-04 03:51:14
DHMIQXTFI9,,NM48UNWT,12000,"{""name"":""Đinh Lê Thái Dương"",""phone"":""0912345678"",""address"":""123 Nguyễn Văn Linh, Đà Nẵng""}",chua_xac_nhan,2025-12-04 04:30:13
DHMIQXXIFV,,NM48UNWT,20000,"{""name"":""Đinh Lê Thái Dương"",""phone"":""0912345678"",""address"":""123 Nguyễn Văn Linh, Đà Nẵng""}",chua_xac_nhan,2025-12-04 04:33:24
DHMIQXXTGE,,NM48UNWT,10000,"{""name"":""Đinh Lê Thái Dương"",""phone"":""0912345678"",""address"":""123 Nguyễn Văn Linh, Đà Nẵng""}",chua_xac_nhan,2025-12-04 04:33:38
DHMIQY29TZ,,NM48UNWT,10000,"{""name"":""Đinh Lê Thái Dương"",""phone"":""0912345678"",""address"":""123 Nguyễn Văn Linh, Đà Nẵng""}",chua_xac_nhan,2025-12-04 04:37:06
DHMIQY5M8M,,NM48UNWT,10000,"{""name"":""Đinh Lê Thái Dương"",""phone"":""0912345678"",""address"":""123 Nguyễn Văn Linh, Đà Nẵng""}",chua_xac_nhan,2025-12-04 04:39:42
DHMIQZFYYK,,NM48UNWT,29000,"{""name"":""Đinh Lê Thái Dương"",""phone"":""0912345678"",""address"":""123 Nguyễn Văn Linh, Đà Nẵng""}",chua_xac_nhan,2025-12-04 05:15:44
DHMIQZNXY3,,NM48UNWT,10000,"{""name"":""Đinh Lê Thái Dương"",""phone"":""0912345678"",""address"":""123 Nguyễn Văn Linh, Đà Nẵng""}",chua_xac_nhan,2025-12-04 05:21:56
DHMIQZPBCW,,NM48UNWT,19000,"{""name"":""Đinh Lê Thái Dương"",""phone"":""0912345678"",""address"":""123 Nguyễn Văn Linh, Đà Nẵng""}",chua_xac_nhan,2025-12-04 05:23:00
DHMIQZXHAK,,NM48UNWT,10000,"{""name"":""Đinh Lê Thái Dương"",""phone"":""0912345678"",""address"":""123 Nguyễn Văn Linh, Đà Nẵng""}",chua_xac_nhan,2025-12-04 05:29:21
DHMIQZZRFW,,NM48UNWT,10000,"{""name"":""Đinh Lê Thái Dương"",""phone"":""0912345678"",""address"":""123 Nguyễn Văn Linh, Đà Nẵng""}",chua_xac_nhan,2025-12-04 05:31:08
DHMIR01H3C,,NM48UNWT,10000,"{""name"":""Đinh Lê Thái Dương"",""phone"":""0912345678"",""address"":""123 Nguyễn Văn Linh, Đà Nẵng""}",chua_xac_nhan,2025-12-04 05:32:28
DHMIR02SI7,,NM48UNWT,10000,"{""name"":""Đinh Lê Thái Dương"",""phone"":""0912345678"",""address"":""123 Nguyễn Văn Linh, Đà Nẵng""}",chua_xac_nhan,2025-12-04 05:33:29
DHMIR07W29,,NM48UNWT,10000,"{""name"":""Đinh Lê Thái Dương"",""phone"":""0912345678"",""address"":""123 Nguyễn Văn Linh, Đà Nẵng""}",chua_xac_nhan,2025-12-04 05:37:27
DHMIR08ANV,,NM48UNWT,10000,"{""name"":""Đinh Lê Thái Dương"",""phone"":""0912345678"",""address"":""123 Nguyễn Văn Linh, Đà Nẵng""}",chua_xac_nhan,2025-12-04 05:37:46
DHMIR0ALYD,,NM48UNWT,10000,"{""name"":""Đinh Lê Thái Dương"",""phone"":""0912345678"",""address"":""123 Nguyễn Văn Linh, Đà Nẵng""}",chua_xac_nhan,2025-12-04 05:39:34
DHMIR0BZJQ,,NM48UNWT,10000,"{""name"":""Đinh Lê Thái Dương"",""phone"":""0912345678"",""address"":""123 Nguyễn Văn Linh, Đà Nẵng""}",chua_xac_nhan,2025-12-04 05:40:38
DHMIR0DH1M,,NM48UNWT,10000,"{""name"":""Đinh Lê Thái Dương"",""phone"":""0912345678"",""address"":""123 Nguyễn Văn Linh, Đà Nẵng""}",chua_xac_nhan,2025-12-04 05:41:48
DHMIR0EZFG,TTEWRQVCNY,NM48UNWT,12000,"{""name"":""Đinh Lê Thái Dương"",""phone"":""0912345678"",""address"":""123 Nguyễn Văn Linh, Đà Nẵng""}",chua_xac_nhan,2025-12-04 05:42:58
DHMIR0JEA7,TT43AZM7N2,NM48UNWT,10000,"{""name"":""Đinh Lê Thái Dương"",""phone"":""0912345678"",""address"":""123 Nguyễn Văn Linh, Đà Nẵng""}",da_xac_nhan,2025-12-04 05:46:24
DHMIR1EWNQ,,NM48UNWT,10000,"{""name"":""Đinh Lê Thái Dương"",""phone"":""0912345678"",""address"":""123 Nguyễn Văn Linh, Đà Nẵng""}",chua_xac_nhan,2025-12-04 06:10:54
DHMISAXZUN,TTLLSLLWTO,NM48UNWT,20000,"{""name"":""Đinh Lê Thái Dương"",""phone"":""0912345678"",""address"":""123 Nguyễn Văn Linh, Đà Nẵng""}",chua_xac_nhan,2025-12-05 03:25:27
DHMISB1AZP,,NM48UNWT,10000,"{""name"":""Đinh Lê Thái Dương"",""phone"":""0912345678"",""address"":""123 Nguyễn Văn Linh, Đà Nẵng""}",chua_xac_nhan,2025-12-05 03:28:02
DHMISB30OR,,NM48UNWT,10000,"{""name"":""Đinh Lê Thái Dương"",""phone"":""0912345678"",""address"":""123 Nguyễn Văn Linh, Đà Nẵng""}",chua_xac_nhan,2025-12-05 03:29:22
DHMISB3CQB,,NM48UNWT,20000,"{""name"":""Đinh Lê Thái Dương"",""phone"":""0912345678"",""address"":""123 Nguyễn Văn Linh, Đà Nẵng""}",chua_xac_nhan,2025-12-05 03:29:37
DHMISB5OM0,,NM48UNWT,12000,"{""name"":""Đinh Lê Thái Dương"",""phone"":""0912345678"",""address"":""123 Nguyễn Văn Linh, Đà Nẵng""}",chua_xac_nhan,2025-12-05 03:31:26
DHMISB8H4R,,NM48UNWT,10000,"{""name"":""Đinh Lê Thái Dương"",""phone"":""0912345678"",""address"":""123 Nguyễn Văn Linh, Đà Nẵng""}",chua_xac_nhan,2025-12-05 03:33:36
DHMISB8S2V,,NM48UNWT,10000,"{""name"":""Đinh Lê Thái Dương"",""phone"":""0912345678"",""address"":""123 Nguyễn Văn Linh, Đà Nẵng""}",chua_xac_nhan,2025-12-05 03:33:51
DHMISB936Z,,NM48UNWT,10000,"{""name"":""Đinh Lê Thái Dương"",""phone"":""0912345678"",""address"":""123 Nguyễn Văn Linh, Đà Nẵng""}",chua_xac_nhan,2025-12-05 03:34:05
DHMISBAWEF,,NM48UNWT,10000,"{""name"":""Đinh Lê Thái Dương"",""phone"":""0912345678"",""address"":""123 Nguyễn Văn Linh, Đà Nẵng""}",chua_xac_nhan,2025-12-05 03:35:29
DHMISBRARI,,NM48UNWT,20000,"{""name"":""Đinh Lê Thái Dương"",""phone"":""0912345678"",""address"":""123 Nguyễn Văn Linh, Đà Nẵng""}",chua_xac_nhan,2025-12-05 03:48:15
DHMISBYIWA,TT5L6QPM4M,NM48UNWT,10000,"{""name"":""Đinh Lê Thái Dương"",""phone"":""0912345678"",""address"":""123 Nguyễn Văn Linh, Đà Nẵng""}",chua_xac_nhan,2025-12-05 03:53:52
DHMISC4KZ8,TT98N4TZFW,NM48UNWT,10000,"{""name"":""Đinh Lê Thái Dương"",""phone"":""0912345678"",""address"":""123 Nguyễn Văn Linh, Đà Nẵng""}",chua_xac_nhan,2025-12-05 03:58:34
DHMISDISLU,TTSLNFEL7V,NM48UNWT,18000,"{""name"":""Đinh Lê Thái Dương"",""phone"":""0912345678"",""address"":""123 Nguyễn Văn Linh, Đà Nẵng""}",da_xac_nhan,2025-12-05 04:37:37
DHMISXVM51,TT4XG1PN7G,NMJQ89G4,180000,"{""name"":""Nguyễn Văn Hieu"",""phone"":""0912345678"",""address"":""123 Nguyễn Văn Linh, Đà Nẵng""}",da_xac_nhan,2025-12-05 14:07:27
DHMITQ1B8H,TTUH9E06SN,NM48UNWT,20000,"{""name"":""Đinh Lê Thái Dương"",""phone"":""0912345678"",""address"":""123 Nguyễn Văn Linh, Đà Nẵng""}",da_xac_nhan,2025-12-06 03:15:42
DHMITQDPKA,TT7U552ENB,NM48UNWT,11000,"{""name"":""Đinh Lê Thái Dương"",""phone"":""0912345678"",""address"":""123 Nguyễn Văn Linh, Đà Nẵng""}",da_giao,2025-12-06 03:25:21
DHMIU3E07V,TTR31Z9IJZ,NM48UNWT,50000,"{""name"":""Đinh Lê Thái Dương"",""phone"":""0912345678"",""address"":""123 Nguyễn Văn Linh, Đà Nẵng""}",da_xac_nhan,2025-12-06 09:29:30
DHMIU4N6GB,TT5P0XH83W,NM48UNWT,86000,"{""name"":""Đinh Lê Thái Dương"",""phone"":""0912345678"",""address"":""123 Nguyễn Văn Linh, Đà Nẵng""}",da_xac_nhan,2025-12-06 10:04:37
DHMIU5GULL,TTY5OOZ7FA,NM48UNWT,40000,"{""name"":""Đinh Lê Thái Dương"",""phone"":""0912345678"",""address"":""123 Nguyễn Văn Linh, Đà Nẵng""}",da_xac_nhan,2025-12-06 10:27:42
DHMIU9BJVH,TT6FUIGLHP,NM48UNWT,15000,"{""name"":""Đinh Lê Thái Dương"",""phone"":""0912345678"",""address"":""123 Nguyễn Văn Linh, Đà Nẵng""}",da_xac_nhan,2025-12-06 12:15:33
DHMIU9MQFQ,TT8YK9923P,NM48UNWT,100000,"{""name"":""Đinh Lê Thái Dương"",""phone"":""0912345678"",""address"":""123 Nguyễn Văn Linh, Đà Nẵng""}",da_xac_nhan,2025-12-06 12:24:15
DHMIUCRB2V,TTFRZ8KQIV,NM6K6XZQ,20000,"{""name"":""duong"",""phone"":""0912345678"",""address"":""123 Đa Mặn, Mỹ An, Ngũ Hành Sơn, Đà Nẵng, Việt Nam""}",da_xac_nhan,2025-12-06 13:51:47
DHMIUCRQ8M,,NM6K6XZQ,36000,"{""name"":""duong"",""phone"":"""",""address"":""""}",chua_xac_nhan,2025-12-06 13:52:07
DHMIUCSPMZ,,NM6K6XZQ,135000,"{""name"":""duong"",""phone"":"""",""address"":""""}",chua_xac_nhan,2025-12-06 13:52:52
DHMIUD91VD,TT9W3WWVYF,NMD9WY3P,20000,"{""name"":""duong"",""phone"":""0368442165"",""address"":""đà nẵng""}",da_xac_nhan,2025-12-06 14:05:35
DHMIUD9KSA,TTNBUCF1J9,NMD9WY3P,270000,"{""name"":""duong"",""phone"":""0368442165"",""address"":""đà nẵng""}",da_giao,2025-12-06 14:05:59
DHMIUDL7KF,TTUTSF8BKZ,NM3W43XP,12000,"{""name"":""duong"",""phone"":""0564778621"",""address"":""hải châu, đà nẵng""}",da_xac_nhan,2025-12-06 14:15:02
DHMIUDLMR9,TTP28PP0RA,NM3W43XP,30000,"{""name"":""duong"",""phone"":""0564778621"",""address"":""hải châu, đà nẵng""}",da_giao,2025-12-06 14:15:22
