﻿ma_gom_don,ma_shipper,ma_don_hang,ma_khung_gio,ma_khu_vuc
GDFBPONN24,SP7SUENE,DHMILO0W6M,KG01,KV01
GDMIMJ706N,﻿SP00000,DHMIMJ6Z3D,KG01,KV01
GDMINXIN6U,﻿SP00000,DHMINXIM4X,KG01,KV01
GDMINXLL2Q,﻿SP00000,DHMINXLKKT,KG01,KV01
GDMIO0BXKQ,﻿SP00000,DHMIO0BWRV,KG01,KV01
GDMIO34MAG,SP7SUENE,DHMIO34L25,KG01,KV01
GDMIO3VRTK,SP7SUENE,DHMIO3U85F,KG01,KV02
GDMIQWGMLX,SP7SUENE,DHMIQWFA7L,KG01,KV01
GDMIR0L4NB,SP7SUENE,DHMIR0JEA7,KG01,KV02
GDMISDIT05,SP7SUENE,DHMISDISLU,KG01,KV01
GDMISXWU3F,SP7SUENE,DHMISXVM51,KG01,KV02
GDMITQ3XCI,SP7SUENE,DHMITQ1B8H,KG01,KV01
GDMITQEF5V,SP7SUENE,DHMITQDPKA,KG01,KV01
GDMIU3E0Q0,SP7SUENE,DHMIU3E07V,KG01,KV02
GDMIU4O80N,SP7SUENE,DHMIU4N6GB,KG01,KV02
GDMIU5GUZW,SP7SUENE,DHMIU5GULL,KG01,KV02
GDMIU9BKB6,SP7SUENE,DHMIU9BJVH,KG01,KV02
GDMIU9NL2K,SP7SUENE,DHMIU9MQFQ,KG01,KV01
GDMIUCRBJB,SP7SUENE,DHMIUCRB2V,KG01,KV01
GDMIUD929N,SP7SUENE,DHMIUD91VD,KG01,KV02
GDMIUDAM2J,SP7SUENE,DHMIUD9KSA,KG01,KV01
GDMIUDL80H,SP7SUENE,DHMIUDL7KF,KG01,KV01
GDMIUDMAA0,SP7SUENE,DHMIUDLMR9,KG01,KV02
