﻿ma_nguoi_dung,ten_dang_nhap,ten_nguoi_dung,mat_khau,vai_tro,gioi_tinh,so_tai_khoan,sdt,ngan_hang,dia_chi,tinh_trang
000001,0796546454,Lê Thị Diệu Trinh,Dieutrinh2222!,nguoi_mua,F,0796546454,0796546454,VP Bank,"Hoà Tiến",0
000002,0969542407,Lê Lộc,Leloc2012@,nguoi_mua,M,0969542407,0969542407,MB Bank,"Hoà Quý",0
000003,0373858370,Bùi Phương Thảo,Buithao_2211,nguoi_ban,F,0373858370,0373858370,MB Bank,"Thanh Khê",0
000004,0905636265,Trần Ngọc Chí,Chilene93!,nguoi_ban,F,0905636265,0905636265,Vietcombank,"Ngũ hành Sơn",0
000005,0389562426,Doãn Bình Yên,Abcxyz12!,shipper,M,0969545267,0969545267,Vietcombank,"Ngũ hành Sơn",0
000006,0986353631,Lê Thị Như Cẩm,Camne0104$,nguoi_mua,F,0986353631,0986353631,Techcombank,"Ngũ hành Sơn",0
000007,0905123734,Ngô Văn Đạt,Novadat23!,quan_ly_cho,M,0905123734,0905123734,Techcombank,"Hoà Xuân",0
000008,0777352787,Trần Diệu Hiền,XepHienC05,quan_ly_cho,F,0777352787,0777352787,Vietcombank,"Thanh Khê",0
000009,0787546346,Trần Văn Sâm,Samsang02!,shipper,M,0787546346,0787546346,Vietcombank,"Ngũ hành Sơn",0
000010,0911223344,Nguyễn Thị Mai,Mai0911@,nguoi_ban,F,0911223344,0911223344,ACB,Liên Chiểu,0
000011,0933445566,Lê Văn Hùng,HungLe@93,nguoi_ban,M,0933445566,0933445566,Techcombank,Cẩm Lệ,0
ND1,admindue,System Admin,$2a$10$mlzxuKXxz4h4UYnP9qs/M.yjyJ1yS1OVUF6lKWO0IwGnB52O5D7Be,admin,M,,,,,0
ND1BRT,0343829329,Nguyễn Phương Hằng,Hangnga67,nguoi_ban,F,67890322095238,0343829329,MB bank,Ngũ Hành Sơn,0
ND2H9A,string,string,$2a$10$oJvU3GYEot0JCuNUKArzmunhV.Xz0k8Z1h3Le9XrhUYFnse.bJJ8C,nguoi_mua,M,string,string,string,string,0
ND2LXS,widd,Đinh Lê Thái Dương,$2a$10$ZjF2CFf8tzVFW7fKGjw7rOAXvkCFfQ.Xm0Llyvxo9hdHsY5pp5.5K,nguoi_mua,M,213312321,091234123,MBBANK,"123 Nguyễn Văn Linh, Đà Nẵng",0
ND2UKZ,wind,duongdinh,$2a$10$KNbJ/6hRTHrn8LTMXL.0QuHfWHrDyvnGrN36ZhIlvhZnx17uAgpza,nguoi_mua,M,,,,,0
ND3N65,tuongpv,vinhtuong294,$2a$10$h2ogZNAW.ZL027tu/DweDe8iPV.0.l6TIBRfL9s.03H4Gwb/mJFYe,nguoi_mua,M,09821309812,0980219031,AB BANK,217 Lê Duẩn,0
ND49PY,wind123456,duong,$2a$10$j/7hanQIDnvIXYam4Drcpes5TjHrCqTANtVor8dx7brAoERMccXOy,nguoi_mua,M,,,,,0
ND535X,gianhang_demo,Chủ Gian Hàng Demo,$2a$10$yPrvFqP0sSX9zMNO84CsruxM6AfqJjjhspqtE4MRCUvM./MMQQdGW,nguoi_ban,F,222233334444,0909009009,ACB,"Sơn Trà, Đà Nẵng",0
ND5HB5,hieushipper,Shipper Lo,$2a$10$RqgTYnoqnt8PnuvWt2LwgONqcya3eGUoaEt9sultDKxGJhf3GHM0O,shipper,M,,,,,0
ND6WE6,wind1234,duong,$2a$10$gdOWrYCOui7AhBrwoPVgouX.MnRYMrbU.1ByY94EFjFzDcX6Oa1ne,nguoi_mua,M,,,,,0
ND7GMJ,shipper1,Shipper 01,$2a$10$5sZNYiD0/WHH.tZmGuQzken9L9UYEztgOOyUc1l40RvDEziqM6pTS,shipper,M,,0987654321,,,0
ND886R,windb,duong,$2a$10$SUpzPdQ8H886VlYzvoWUNOM1RovZHF1EPYMLg8zY0mtajFcNY/F.K,nguoi_ban,M,,,,,0
ND987T,0374829384,Trần Thị Hoa,Hoa2270*,nguoi_ban,F,348639472494,0374829384,Techcombank,Ngũ Hành Sơn,0
ND9FJ6,duong1234,duongdinh,$2a$10$GAYl8CVK5KTF8FphOg4oGeoEOjqNbLKQ7VC61CaCoa7KW4JT1Lp8a,nguoi_mua,M,,,,,0
NDBKS2,0327486321,Nguyễn Trọng Công,Congggg20!,nguoi_ban,M,8394729495376,0327486321,Techcombank,Ngũ Hành Sơn,0
NDBR01,0947284648,Nguyễn Công Cường,cuonG003,nguoi_ban,M,038583657583658,0947284648,Techcombank,Ngũ Hành Sơn,0
NDBR02,0283018384,Luyện Thị Tính,Tinhtoan123,nguoi_ban,F,3298347746212634,0283018384,VB bank,Ngũ Hành Sơn,0
NDBR03,0475826486,Nguyễn Diệu Linh,Linh439_,nguoi_ban,F,947429573927684,0475826486,Sacombank,Ngũ Hành Sơn,0
NDBRT2,0934728468,Trần Thị Thơm,Thom1783_,nguoi_ban,F,3678902467892094,0934728468,Techcombank,Ngũ Hành Sơn,0
NDBTH1,0988372645,Nguyễn Văn Ba,BaBonNam6&,nguoi_ban,M,37820842702744,0988372645,Vietcombank,Ngũ Hành Sơn,0
NDBTH3,0274836834,Phạm Hữu Chính,Chinh2101,nguoi_ban,M,323409590302,0274836834,Vikki bank,Ngũ Hành Sơn,0
NDC3KD,gianhang1,Chủ Gian Hàng 01,$2a$10$KViXZ.hzXQmI0Xwb/jB5TO/sm.6hdTVCoPFfgx3eJw0hb763/CUsy,nguoi_ban,M,,,,,0
NDECMV,wind12345,duong,$2a$10$W0zpCqMLPcsodM79VRleyOYUOh9btNCMWTWsPsOfkAU6t9vUemMNq,nguoi_mua,M,,,,,0
NDFBB7,hieunguoiban,Hieu123,$2a$10$rbF8meX2oT8af8Dz4hQYzu7GmYvNM6SBGXqMwKzD12uUWiamVeDka,nguoi_ban,M,1231231231,098876544,NBC,string,0
NDFCU7,duongb1,duong,$2a$10$cAxH1uHwsc/16wzGzdxWBuKYENBDox.QZVWl9qnUayyIhcVAwzoF2,nguoi_mua,M,,0368442165,,đà nẵng,0
NDGKSD,0739502648,Nguyễn Thị Hải,haisann,nguoi_ban,F,84074274474992,0739502648,Sacombank,Ngũ Hành Sơn,0
NDHH1P,0394027494,Thích Quảng Kiên,Anchaytruong,nguoi_ban,M,738473934682920,0394027494,Vietcombank,Ngũ Hành Sơn,0
NDJAEB,nguoimua1,Người Mua 01,$2a$10$dyG.ohl8ziysLfmWx7EPTOqcxf2edm/qd5VMXz1lbQ6N1HiOXMQRu,nguoi_mua,M,,0912345678,,Đà Nẵng,0
NDKPM9,testnguoidung1,Test nguoi dung 1,$2a$10$RNFEubPv7mzuNK7e7Zi7BeMAF1YUCrjF3kyXSZ5xOD3PhxlrefZ2m,nguoi_mua,M,123123123123,0987654321,ACB,Da Nang,0
NDNSQT,duong12345,duong,$2a$10$932VopyCCvpHKuaY0JqTleHkiega6XhShtv8rni9ieraMKKtij41a,nguoi_mua,M,,,,,0
NDQG62,duongc1,duong,$2a$10$mT47JKx2NM1Wz0AnCtr0aeN0t61jQiTuoWejSCWSivliuq7DFY9KS,nguoi_mua,M,,0564778621,,"hải châu, đà nẵng",0
NDRC3C,wind123,duong,$2a$10$3BKTZwxFeP4SHPoD/232Qu23PHgcVJUVYbeLU4ma36N/Y89sTfAM2,nguoi_mua,M,,,,,0
NDTH01,0384638593,Trần Thị Bình,Bình2747*,nguoi_ban,F,39597293474920,0384638593,Vietcombank,Ngũ Hành Sơn,0
NDTH02,0373856284,Nguyễn Thanh Thủy,Thuy28349,nguoi_ban,F,43954739274974,0373856284,OCB,Ngũ Hành Sơn,0
NDTH03,0475826488,Hồ Thị Trang,Page_taphoa,nguoi_ban,F,73959375025474,0475826488,Saombank,Ngũ Hành Sơn,0
NDTH04,0901122334,Nguyễn Tiến Hưng,PwdA0901,nguoi_ban,M,10293847561234,0901122334,Vietcombank,Hải Châu,0
NDTH05,0902233445,Trần Thanh Hoa,PwdB0902,nguoi_ban,F,29384756123456,0902233445,ACB,Thanh Khê,0
NDTH06,0903344556,Lê Văn Chức,PwdC0903,nguoi_ban,M,39485761234567,0903344556,Techcombank,Sơn Trà,0
NDTH07,0904455667,Phạm Thu Chi,PwdD0904,nguoi_ban,F,49586712345678,0904455667,BIDV,Cẩm Lệ,0
NDTH08,0905566778,Võ Văn Kiệt,PwdE0905,nguoi_ban,M,59617283456789,0905566778,MB Bank,Ngũ Hành Sơn,0
NDTH09,0906677889,Hoàng Trâm Anh,PwdF0906,nguoi_ban,F,69728394567890,0906677889,VietinBank,Hải Châu,0
NDTH10,0907788990,Đinh Tuấn Hưng,PwdG0907,nguoi_ban,M,79839405678901,0907788990,Sacombank,Thanh Khê,0
NDTH11,0908899001,Ngô Mai Hương,PwdH0908,nguoi_ban,F,89940516789012,0908899001,SCB,Sơn Trà,0
NDTH12,0909900112,Bùi Văn Chiến,PwdI0909,nguoi_ban,M,90151627890123,0909900112,TPBank,Cẩm Lệ,0
NDTH13,0911011223,Lương Thị Lộc,PwdK0911,nguoi_ban,F,01262738901234,0911011223,MB Bank,Ngũ Hành Sơn,0
NDTH14,0912122334,Phan Văn Lộc,PwdL0912,nguoi_ban,M,12373890123456,0912122334,Vietcombank,Hải Châu,0
NDTH15,0913233445,Trương Thu Minh,PwdM0913,nguoi_ban,F,23484901234567,0913233445,ACB,Thanh Khê,0
NDVJN9,hieunguoimua,Nguyễn Văn Hieu,$2a$10$lVYmMUbQqES6PP80B1ag0.dU.fCs0.Mb1Bdp6TlGa7hrO2h.QIyHS,nguoi_mua,M,0123456789,0912345678,VPBank,"123 Nguyễn Văn Linh, Đà Nẵng",0
NDWA4N,duong123,duongdinh,$2a$10$75A.wTq8UzH7K.oJ6S.HPOKKev3IghdlUfDVppDadL2Xf7JWJfb4S,nguoi_mua,M,,,,,0
NDWN2Q,widddd,duong,$2a$10$MfZe.lN9/GStBj2.KdCpSum6BVhUqI1UmnVYUXMso4XvglXgEQxlW,nguoi_mua,M,,,,,0
NDZGJU,wid,duong,$2a$10$UQ.LOfzBytPxN8x4oVx0CuhtZ8PLN81sgKDN1DraxpdRnPKX1Y2Lm,nguoi_mua,M,,,,,0
