﻿ma_nguyen_lieu,ten_nguyen_lieu,ma_nhom_nguyen_lieu,don_vi
NL1,Phi lê cá ngừ,N01,
NL100,vàng loại,N02,
NL1000,gelatin bột,N02,
NL1001,Rau dền cơm,N08,
NL1002,Rau sam,N08,
NL1003,Ngọn bí,N02,
NL1004,Bồ ngót,N02,
NL1005,Rau má,N08,
NL1006,Thịt nạc lưng,N02,
NL1007,Cà hộp,N02,
NL1008,Hành lá làm mỡ hành,N02,
NL1009,Rau húng cay,N08,
NL101,Đậu Hà Lan trái,N02,
NL1011,Chem chép,N02,
NL1012,Thịt gà má đùi,N06,
NL1013,Mầm rau muống,N08,
NL1014,Ớt sợi,N02,
NL1015,Rau thơm các loại,N08,
NL1016,Đùi gà tỏi,N06,
NL1017,bia,N02,
NL102,cà chua bi loại,N05,
NL1020,phô mai bột,N02,
NL1022,Cồi sò điệp loại to,N02,
NL1024,Dụng cụ Giấy nhôm,N02,
NL1025,Nghêu to,N02,
NL1027,Đùi gà góc tư,N06,
NL1028,Thịt ức vịt,N14,
NL1029,Bầu sao,N02,
NL103,Ếch,N11,
NL1030,Thịt bò,N13,
NL1032,Cải rổ cọng lớn,N02,
NL1033,Thịt nguội,N02,
NL1034,dầu boaro phi,N02,
NL1035,Thịt gà,N06,
NL1036,Nấm tuyết khô,N08,
NL1038,Gừng tươi,N02,
NL1039,Tỏi và sả bằm,N02,
NL1040,Mắm nêm,N02,
NL1041,Thịt ốc lác,N17,
NL1043,Nước màu dừa,N02,
NL1046,Hủ tiếu mềm sợi to,N10,
NL1048,Nước cơm sôi,N02,
NL1049,Tàu hũ ki,N02,
NL105,Tỏi lột vỏ nguyên tép,N02,
NL1050,Boaro phi,N02,
NL1052,Tôm vột vỏ,N04,
NL1054,Rượu,N02,
NL1056,Bắp hạt lon,N02,
NL1057,Đậu Hà Lan,N02,
NL1059,Nấm linh chi nâu và trắng,N08,
NL106,Rau mồng tơi,N08,
NL1060,Jambon dày,N02,
NL1061,Măng vàng,N02,
NL1062,Nước chanh dây tươi,N02,
NL1063,Thịt bò philê mềm,N13,
NL1064,Rau cần tàu,N08,
NL1065,Tần dày lá,N02,
NL1066,Tỏi phi có dầu,N02,
NL1067,Bánh đúc,N02,
NL1068,Nước cốt riềng,N02,
NL1069,Nước cốt nghệ tươi,N02,
NL107,Mực ống,N07,
NL1070,Dùng kèm bánh mì,N16,
NL1071,cơm,N02,
NL1072,cháo,N02,
NL10723,Thịt xay,N19,
NL1073,Ngồng cải,N02,
NL1075,Đùi vịt góc tư,N14,
NL1076,Nước mía,N02,
NL1077,củ nghệ tươi,N03,
NL1078,Ớt hiểm khô,N02,
NL1079,Thuốc Bắc,N02,
NL108,Tôm đất nhỏ,N04,
NL1080,húng cây,N02,
NL1081,Đuôi bò,N13,
NL1082,Hành tây củ,N03,
NL1083,muối tôm,N04,
NL1084,nước mắm me,N02,
NL1085,Cải làn cọng to,N02,
NL1086,Thanh cua giả,N02,
NL1087,Thịt đùi,N02,
NL1088,chanh tươi,N02,
NL109,Giá sống,N02,
NL1090,Giò heo,N09,
NL1091,Lá giang,N02,
NL1092,Rau đắng,N08,
NL1093,Cua,N02,
NL1094,Tôm chay,N04,
NL1095,Cái bỗng rượu,N02,
NL1096,rau sống,N08,
NL1097,hành poa rô,N02,
NL1098,thính,N02,
NL1099,Tôm sú tươi,N04,
NL11,Vỏ chanh mài,N02,
NL110,Cà rốt nhỏ,N03,
NL1101,Thịt bò filet,N13,
NL1102,Bún gạo khô,N12,
NL1103,Thịt giò heo,N09,
NL1104,Càng cua,N02,
NL1105,Thịt đùi heo,N09,
NL1106,Đường cát trắng,N02,
NL1107,Nước mắm ngon,N02,
NL1108,Đuôi bò không da,N13,
NL1109,Tương bần,N02,
NL111,Nước cốt dừa,N02,
NL1110,Củ riềng,N03,
NL1111,bột năng Dầu mè,N02,
NL1112,thuốc muối,N02,
NL1113,Măng le,N02,
NL1114,Thịt sò lông,N02,
NL1115,Thịt vit,N02,
NL1116,Nước ép thơm,N02,
NL1118,bột năng Muối,N02,
NL1119,Mì khô,N02,
NL112,Gạo lứt,N12,
NL1120,nấm bạch linh đen,N08,
NL1121,Tần ô,N02,
NL1122,Óc heo,N09,
NL1123,Sen tươi,N02,
NL1124,Tép mỡ,N02,
NL1126,Đùi gà công nghiệp,N06,
NL1127,Thanh long,N02,
NL1128,Giò lụa,N02,
NL1129,Thịt vịt quay,N14,
NL113,Ham chay,N02,
NL1130,Rau cần tây,N08,
NL1131,Nước bột năng pha loãng,N02,
NL1132,ớt bột nhuyễn,N02,
NL1133,Chôm chôm,N02,
NL1134,Cọng hành lá,N02,
NL1135,Gà,N06,
NL1136,Lá chanh Bắc,N02,
NL1137,Rau chuối,N08,
NL1138,Hải sâm,N02,
NL1139,Sườn cây,N02,
NL114,Hạt sen,N02,
NL1140,Caramel,N02,
NL1142,dầu mè đen,N02,
NL1143,Nấm đông cô lớn,N08,
NL1144,Miến dong,N10,
NL1145,ngò rí Tiêu,N02,
NL1146,Kim chi nguyên cây,N02,
NL1148,Thịt sầu riêng,N02,
NL1149,Táo đỏ,N02,
NL115,Nấm đông cô khô,N08,
NL1151,Thịt heo,N09,
NL1152,Bưởi,N02,
NL1153,Bơ trái,N02,
NL1155,Bột gạo,N12,
NL1156,Nghệ củ nhỏ,N03,
NL1158,bơ tươi,N02,
NL1159,Thịt vịt,N14,
NL116,Sữa tươi không đường,N02,
NL1160,Nhộng,N02,
NL1161,Đậu đen,N02,
NL1162,Thăn heo,N09,
NL1163,Mỡ gáy,N02,
NL1164,Nước cam,N02,
NL1165,Gà góc tư,N06,
NL1166,Thính bánh mì,N16,
NL1167,Kim chi cải thảo Hàn quốc Thêm nước kim chi,N02,
NL1168,nước hành,N02,
NL1169,Tàu hũ ky khô,N02,
NL117,Bắp bò,N13,
NL1170,Kiệu chua,N02,
NL1171,Bột năng Bơ tươi,N02,
NL1172,sữa tươi có đường,N02,
NL1173,Sữa hộp không đường,N02,
NL1174,Thịt ba rọi chay,N02,
NL1175,Tắc trái,N02,
NL1176,Bánh mì baguette,N16,
NL1177,bột ớt,N02,
NL1178,Mì gói,N02,
NL1179,Măng khô,N02,
NL118,Gừng lát dày,N02,
NL1180,ớt Muối,N02,
NL1181,Ức gà phi lê,N06,
NL1182,Thịt càng ghẹ,N02,
NL1183,Củ hũ dừa chọn lấy phần thân,N03,
NL1184,Tôm đất làm sạch,N04,
NL1185,Nước lọc,N02,
NL1186,Sữa tươi fullcream,N02,
NL1187,Nước cốt dừa tươi,N02,
NL1188,Tôm sú lột vỏ,N04,
NL1189,Mực ống làm sạch,N07,
NL119,Hành tím,N02,
NL1190,Mực khô,N07,
NL11912,Cà rốt Tỉa hoa,N18,
NL1192,Hành tím Ấn Độ,N02,
NL1193,Thịt nghêu tươi,N02,
NL1194,Măng le nhỏ,N02,
NL1195,Dẻ sụn heo,N09,
NL1196,Gốc ngò,N02,
NL1198,Ớt hiểm bằm,N02,
NL1199,Bầu sao nhỏ,N02,
NL12,Tôm tươi,N04,
NL120,Pate gan heo,N09,
NL1200,Thịt nách không da,N02,
NL1201,Dụng cụ khuôn rộng,N02,
NL1202,cao,N02,
NL1203,Màu dành dành,N02,
NL1204,Màu gấc,N02,
NL1205,Nui ngôi sao nhỏ khô,N02,
NL1206,Nha đam,N02,
NL1207,Cải cầu vồng,N02,
NL1208,Chim cút,N02,
NL1209,Ốc lác con vừa,N17,
NL121,Tắc,N02,
NL1210,Râu mực,N07,
NL1211,lột vỏ,N02,
NL1212,Cua thanh,N02,
NL1213,Phô mai cheddar,N02,
NL1214,Nước cam vàng,N02,
NL1215,Húng lủi nhỏ,N02,
NL1216,Ớt hiểm đỏ,N02,
NL1217,Mận đỏ,N02,
NL1218,Củ cải trắng khoảng,N03,
NL122,Trứng,N02,
NL1220,Củ sen khoảng,N03,
NL1221,Đậu cove Nhật,N02,
NL1222,Konnyaku nâu Thạch khoai môn,N02,
NL1224,Cải mầm,N02,
NL1225,Bánh mì burger size vừa,N16,
NL1226,Đậu hũ mơ nhỏ,N02,
NL1227,Trân châu khô,N02,
NL1228,Đường nâu,N02,
NL1229,Creamcheese,N02,
NL1230,Trà sữa Royal Blendy,N02,
NL1231,Blendy Trà Sữa Royal,N02,
NL1232,Vịt to,N14,
NL1233,Bí ngòi vàng,N02,
NL1235,Mơ đóng hộp,N02,
NL1236,Nước mơ đóng hộp,N02,
NL1237,Gelatin lá khoảng,N02,
NL1238,Hành,N02,
NL124,Vani,N02,
NL1240,Cơm tấm gạo Tài Nguyên,N12,
NL1241,Sườn chay,N02,
NL1242,Củ kiệu chua,N03,
NL1243,boarô phi có dầu,N02,
NL1244,Chanh dây,N02,
NL1245,Sả cây đập giập,N02,
NL1247,Chân gà,N06,
NL1248,Thịt heo đầu vai,N09,
NL1249,Giò thủ,N02,
NL125,Nước cốt dừa lon,N02,
NL1250,Gân bò giòn,N13,
NL1251,Quả Việt quất tươi blueberry,N05,
NL1252,Dâu tây tươi,N02,
NL1253,Phô mai mềm,N02,
NL1254,Gạo lứt sấy,N12,
NL1255,Tóc tiên,N02,
NL1256,Tôm sú nhỏ size,N04,
NL12560,Nước tương Phú Sĩ,N02,
NL1257,Mọc giò sống,N02,
NL1258,Nấm mèo đen,N08,
NL1259,Thịt thăn heo,N09,
NL126,Bò phi lê,N13,
NL1260,Cồi diệp,N02,
NL1261,Thịt heo nạc dăm,N09,
NL1262,Dầu hành,N02,
NL1263,Pate gan,N02,
NL1264,Củ nén lột sạch vỏ,N03,
NL1265,Ớt hiểm khô trái đỏ,N02,
NL1266,Ớt hiểm tươi,N02,
NL1267,Gan heo chọn gan bột,N09,
NL1268,Nấm đùi gà nhỏ,N06,
NL1269,Lá lốt lớn,N02,
NL127,Tỏi,N02,
NL1270,Mỡ chài miếng lớn,N02,
NL1271,sả bằm nhuyễn,N02,
NL1272,Nấm mỡ,N08,
NL1273,ít mỡ,N02,
NL1274,ép lấy,N02,
NL1275,Lá húng chanh tần dày lá,N02,
NL1276,Đậu hũ trắng vuông,N02,
NL1277,loại trong hộp chữ nhật,N02,
NL1278,Tỏi củ to,N03,
NL1279,Bacon hun khói,N02,
NL128,Nước cốt hành tỏi,N02,
NL1280,Măng tây tươi,N02,
NL1281,Cà rốt baby,N03,
NL1282,Hành poaro,N02,
NL1283,Nước dừa tươi chén,N02,
NL1284,Trân châu đen khô,N02,
NL1285,Đường đen,N02,
NL1286,Dụng cụ bình lắc,N02,
NL1287,dụng cụ đong,N02,
NL1288,chọn miếng có phần thịt dày,N02,
NL1289,Mì tàu hũ,N02,
NL129,Táo đỏ táo tàu,N02,
NL1290,Bông cải,N02,
NL1291,Thịt bò nạm,N13,
NL1292,Thịt bò bắp hoa,N13,
NL1293,Bò viên,N13,
NL1294,Hạt chia,N02,
NL1295,Bột trứng custard,N02,
NL1296,tách múi,N02,
NL1297,Ngưu bàng Gô bô,N02,
NL1298,Bò lát chay,N13,
NL1299,Poa rô,N02,
NL13,Hoa thiên lý,N02,
NL130,Nấm rơm,N08,
NL1300,bún nưa shirataki,N10,
NL1301,Củ hủ dừa tươi,N03,
NL1302,Bao tử heo làm sạch,N09,
NL1303,Tôm sú nhỏ bỏ đầu,N04,
NL1304,Chuối sứ chín kỹ,N02,
NL1305,Dâu tây chín đỏ,N02,
NL1306,Hành tây tím ̉,N02,
NL1307,Khoai lang vàng,N02,
NL1308,Dừa nạo chọn phần trắng,N02,
NL1309,Vỏ bánh Gyoza,N02,
NL131,Nước dừa tươi,N02,
NL1310,Ốc mỡ lựa con to và tươi,N17,
NL1311,chắc,N02,
NL1312,Đùi tỏi gà,N06,
NL1313,Nước ép táo hộp súp,N02,
NL1314,Bò lát Nhật chay,N13,
NL1315,Cũ hũ dừa,N02,
NL1316,CUỐN KÈM bún tươi,N10,
NL1317,Nem chua chay,N02,
NL1318,chuối chat,N02,
NL1319,Đậu hũ mơ,N02,
NL132,Dứa,N02,
NL1320,Su hào bắc,N02,
NL1321,Củ cải đường củ radi,N03,
NL1322,Dưa leo Nhật trái nhỏ,N02,
NL1324,Màu điều,N02,
NL1325,Chân gà chẻ đôi,N06,
NL1326,Mực ống nhỏ khoảng,N07,
NL1327,Nước dừa tươi cơm,N02,
NL1328,Tôm nguyên con,N04,
NL1329,Hạt sen Huế tươi,N02,
NL133,Phúc bồn tử,N02,
NL1330,Nấm mèo lớn,N08,
NL1331,Lá tàu hũ ky khô lớn,N02,
NL1332,Tôm càng lóng kg,N04,
NL1334,Bột cà ry,N02,
NL1335,bông so đũa vàng,N02,
NL1336,Nước cốt dừa ép,N02,
NL1337,Sườn sụn,N02,
NL1338,Nước dừa ̉,N02,
NL1339,Hến thịt,N02,
NL134,Hạnh nhân lát,N02,
NL1340,Thịt nạc vai,N02,
NL1341,Rau má baby,N08,
NL1342,Rau chùm ngây nhặt sạch,N08,
NL1343,Chuối cau,N02,
NL1344,Tinh dầu chuối,N02,
NL1345,Nho khô màu vàng đẹp,N02,
NL1346,Kẹo đường hình ngôi sao nhiều màu,N02,
NL1347,Whipping cream loại bông kem đã đánh sẵn,N02,
NL1348,Vỏ cam vàng,N02,
NL1349,Khuôn hình ngôi sao,N02,
NL135,Dùng kèm Trà sữa Royal Blendy,N02,
NL1350,khuôn hình thỏ nhỏ,N02,
NL1351,Mực lá dày,N07,
NL1352,Dưa cải chua,N02,
NL1353,Khoai sọ,N02,
NL1354,Cháo đặc,N02,
NL1355,bắp,N02,
NL1356,bí đao,N02,
NL1357,su su,N02,
NL1358,poarô,N02,
NL1359,rễ ngò,N02,
NL136,Cánh gà,N06,
NL1360,Tàu hủ ky lá,N02,
NL1361,Lá cách Lá nghệ,N02,
NL1363,Chanh không hạt,N02,
NL1364,Mực nhỏ,N07,
NL1365,Gạch cua để riêng,N02,
NL1366,Bún sợi to,N10,
NL1367,Dụng cụ Giấy bạc,N02,
NL1368,Cua biển,N02,
NL1369,Quýt ngọt,N02,
NL1370,Lá húng lủi,N02,
NL1371,Dâu tươi,N02,
NL1372,Cánh gà không lấy phần tỏi gà,N06,
NL1373,Ngưu bàng,N02,
NL1374,Củ cải muối,N03,
NL1375,Rong biển wakame khô,N02,
NL1376,Cọng tàu hũ ki tươi,N02,
NL1377,Gừng củ,N03,
NL1378,Yến mạch,N02,
NL1379,Phô mai viên,N02,
NL138,Cơm mẻ,N02,
NL1381,Bột baking soda,N02,
NL1382,Bún mè đen loại khô,N10,
NL1383,Nghêu tươi còn vỏ,N02,
NL1384,Bột báng,N02,
NL1385,Nước lá cẩm,N02,
NL1386,Nước lá dứa,N02,
NL1387,Nước dành dành,N02,
NL1388,Nước cà rốt,N03,
NL1389,Đường cát,N02,
NL139,Nước dùng gà,N06,
NL1390,Nhân bánh và nước cốt dừa,N02,
NL1391,Bột năng cho nhân bánh,N02,
NL1392,Dừa sợi,N02,
NL1393,Thịt ức gà cả phần da,N06,
NL1394,Phô mai dạng viên,N02,
NL1395,Bột mỳ,N02,
NL1396,Mứt dâu tây,N02,
NL1397,Thịt đùi ếch,N11,
NL1398,Sườn cốt lết chay,N02,
NL1399,Dầu phi hành boaro,N02,
NL14,Hành tây tím,N02,
NL140,Cần nước,N02,
NL1400,Tôm sú size kg,N04,
NL1402,Lá hẹ sẻ,N02,
NL1404,Dưa cải chua chọn phần cọng nhiều,N02,
NL1405,Bột bánh cuốn,N02,
NL14057,Tỏi đập dập,N19,
NL1406,Lòng vịt,N14,
NL1407,Màu nước dành dành,N02,
NL1408,Hành tây ̉,N02,
NL141,Ức gà phi lê lớn,N06,
NL1410,Chanh ̉,N02,
NL1411,Cải mầm rau muống,N08,
NL1412,Lá thơm nguyệt quế ́,N02,
NL1413,Bánh mì baguette ̉,N16,
NL1414,Phô mai cheddar loại cứng,N02,
NL1415,bột ớt paprika,N02,
NL1417,Cải mầm cay,N02,
NL1419,Chanh vàng chọn chanh núm của Mỹ,N02,
NL142,Phô mai miếng,N02,
NL1420,trái dài vỏ dầy,N02,
NL1422,Bánh mì sandwich bánh mì lạt,N16,
NL1423,ổ lớn,N02,
NL1424,Ô liu đen không hạt,N02,
NL1425,Mực nang,N07,
NL1426,Gừng củ vừa,N03,
NL1427,Thịt đùi bê thui,N02,
NL1428,Gừng chua,N02,
NL1429,Sụn heo,N09,
NL143,Nước cốt hành,N02,
NL1430,Cà tím nhỏ,N02,
NL1431,Sandwich lạt,N02,
NL1432,Tôm tươi lột vỏ,N04,
NL1433,Khoai tây tím,N02,
NL1434,Trứng vịt muối,N14,
NL1435,Chả Huế cây,N02,
NL1436,Nạm bò,N13,
NL1437,Bún bò tươi,N13,
NL1438,Kim chi Hàn Quốc lấy nước kim chi,N02,
NL1439,rau sống và đồ chua,N08,
NL144,Hạt sen tươi,N02,
NL1440,Chả chay,N02,
NL1441,Nước ngọt Coca,N02,
NL1442,Thịt hàu sữa con nhỏ,N02,
NL1443,Củ cải,N03,
NL1444,Bột mì đa dụng,N02,
NL1446,Kim chi,N02,
NL1447,Nước kim chi,N02,
NL1448,cà mịn,N02,
NL1449,Rong biển,N02,
NL145,Đậu hũ,N02,
NL1450,Giò sống gà chay,N06,
NL1451,Giò sống chay vị heo,N09,
NL1452,rau tiến vua khô,N08,
NL1453,Lọ thủy tinh,N02,
NL1454,Tre chẻ để gài,N02,
NL1455,Ba rọi rút sườn,N02,
NL1456,Đọt su,N02,
NL1457,Vịt,N14,
NL1458,Măng tre tàu khô,N02,
NL146,Đậu que,N02,
NL1460,Rễ thì là,N02,
NL1461,Nước vo gạo,N12,
NL1462,Phèn chua,N02,
NL1463,chuối hột,N02,
NL1464,Thịt nạc thăn,N02,
NL1466,Thịt ba chỉ quay,N02,
NL1467,tiêu sọ,N02,
NL1468,Vỏ bưởi,N02,
NL1469,Thính gạo,N12,
NL147,Khoai môn cau,N02,
NL1470,túi nylon nhỏ,N02,
NL1471,màu hồng thực phẩm,N02,
NL1472,tiêu đen,N02,
NL1473,Đậu cô ve,N02,
NL1475,Đậu rồng,N02,
NL1476,tần dày lá Sả cây,N02,
NL1477,thịt bò chay,N13,
NL1478,Tàu hũ ki cọng,N02,
NL1479,Đậu hũ miếng vuông nhỏ,N02,
NL148,Lá dứa loại nhỏ,N02,
NL1480,Củ sắn Mía lau,N03,
NL1481,Lươn làm sạch,N02,
NL1482,Gạo tấm,N12,
NL1484,Giấm,N02,
NL1485,Ức vịt quay,N14,
NL1486,Tổ ong bò,N13,
NL1487,Khoai tây đỏ,N02,
NL1488,Nước dão dừa,N02,
NL1489,Thịt bê thui,N02,
NL1490,Đậu cove,N02,
NL1491,Cần ta,N02,
NL1492,Dưa gừng,N02,
NL1493,Mỡ chài,N02,
NL1494,Mỡ hành,N02,
NL1495,Khoai lang bí,N02,
NL1496,Khoai cao,N02,
NL1497,Đậu bi Hà Lan,N02,
NL1498,Nấm tuyết vừa,N08,
NL1499,Hải sâm chay,N02,
NL14996,Đậu đỏ khô,N02,
NL15,Ớt sừng,N02,
NL150,Tôm sú,N04,
NL1500,Hạt điều,N02,
NL1501,Bột năng tiêu,N02,
NL1502,Nếp Bắc,N02,
NL1503,Thịt gà góc tư,N06,
NL1505,Ruốc tươi,N02,
NL1506,Bắp hạt đông lạnh,N02,
NL1507,Dưa leo to,N02,
NL1508,Riềng nhỏ,N02,
NL1509,Nghệ nhỏ,N02,
NL151,Đậu bắp,N02,
NL1510,nước riềng,N02,
NL1511,Đu đủ,N02,
NL1512,Thịt Jambon,N02,
NL1513,Ngọc mực làm sạch,N07,
NL1514,Rong biển khô wakame,N02,
NL1516,Ơt sợi,N02,
NL1517,Đầu mực,N07,
NL1518,Hành lá Muối,N02,
NL152,Nước cốt chanh dây,N02,
NL1520,Cơm gạo lức,N12,
NL1521,ngò Đường,N02,
NL1522,Bưởi năm roi,N02,
NL1523,Giấm gạo lên men của Aijnomoto,N12,
NL1524,Heo quay,N09,
NL1525,Nghệ tươi,N02,
NL1526,Lá boaro,N02,
NL1527,Đậu đỏ tươi,N02,
NL1528,Đậu trắng tươi,N02,
NL1529,Me tươi,N02,
NL153,Bạch quả tươi lột vỏ,N05,
NL1530,Thịt dê,N02,
NL1531,Rau thơm tía tô,N08,
NL1532,kèo nèo,N02,
NL1533,Bắp chuối hột,N02,
NL1534,Cua lột làm sạch khoảng,N02,
NL1536,Mực lá nguyên con,N07,
NL1537,Lá cà ri tươi,N02,
NL1538,dưa leo cà chua,N05,
NL1539,Bông cả,N02,
NL154,Nấm hương khô nhỏ,N08,
NL1540,rau lang,N08,
NL1541,Bọng gà,N06,
NL1543,Sò điệp khô,N02,
NL1544,Hành Poarô,N02,
NL1545,bao rô,N02,
NL1546,Khoai tây bi,N02,
NL1547,Lá thơm,N02,
NL1548,sữa bột,N02,
NL1549,cà chua hộp,N05,
NL155,Tàu hũ ky cọng tươi,N02,
NL1550,bột bò kho,N13,
NL1551,Bồ câu,N02,
NL1552,Củ riêng,N03,
NL1553,Thịt nguội lát,N02,
NL1554,Lá mè,N02,
NL1555,Cơm trắng dẻo,N02,
NL1556,Phô mai mozzarela,N02,
NL1557,Kem sữa tươi topping,N02,
NL1558,Phi lê bò,N13,
NL15587,Vớt ra giã dập,N19,
NL1559,Ớt đỏ,N02,
NL156,Hành boaro bằm,N02,
NL1560,Đường canh,N02,
NL1561,Cơm trắng cơm,N02,
NL1562,Rong biển ăn liền,N02,
NL1563,Tương ớt Hàn Quốc,N02,
NL1564,Hạt điều lạt tách đôi,N02,
NL1566,Chuối sứ chín,N02,
NL1567,Bơ đậu phộng súp,N02,
NL1568,Mực lá làm sạch,N07,
NL1569,Ớt Đà Lạt đỏ vàng,N02,
NL157,Đậu hũ bi,N02,
NL1570,Bún chùm ngây khô,N10,
NL1572,Lá me đất,N02,
NL1573,Ớt satế,N02,
NL1574,húng lủihúng bạc hà,N02,
NL1575,Đậu đũa,N02,
NL1577,Rau ăn lẩu hoa chuối,N08,
NL1578,Hành tây ̉ nhỏ,N02,
NL1579,Cần tàu chọn cọng nhỏ,N02,
NL158,Bún tàu,N10,
NL1580,Bột rau câu jelly,N08,
NL1581,ly cooktail,N02,
NL1583,Cơm gạo Nhật cơm dẻo,N12,
NL1584,Thịt càng cua,N02,
NL1585,Ốc cà na,N17,
NL1587,Chanh muối,N02,
NL1588,chuối,N02,
NL1589,hạt bí,N02,
NL159,Rau om,N08,
NL1590,hạt dưa,N02,
NL1592,làm sạch,N02,
NL1593,Cơm dẻo,N02,
NL1594,Phô mai mozzarella sợi,N02,
NL1595,Vịt làm sạch,N14,
NL1597,Thịt đầu heo,N09,
NL1598,Mía,N02,
NL1599,Đường thẻ,N02,
NL16,Hành phi,N02,
NL160,ngò gai,N02,
NL1600,Nấm mèo đen lớn,N08,
NL1601,Tôm khô loại to,N04,
NL1602,Ngồng tỏi,N02,
NL1603,Đọt mồng tơi,N02,
NL1604,Trứng Bắc Thảo,N02,
NL1605,Táo tàu không hạt,N02,
NL1606,Thịt cua làm sẵn,N02,
NL1608,Ốc hương,N17,
NL1609,Ốc giác,N17,
NL161,Đậu phộng,N02,
NL1610,Nước soda,N02,
NL1611,Cần tàu nhỏ,N02,
NL1612,Quế thanh nhỏ,N02,
NL1614,ớt bột parika tiêu,N02,
NL1615,Dầu salad,N02,
NL1616,Bột há cảo,N02,
NL1617,Bắp trái mỹ,N02,
NL1618,Bánh mì que,N16,
NL1619,Cà chua bi ̉,N05,
NL162,Sả,N02,
NL1620,Lá ngò rí,N02,
NL1621,ớt bột parika,N02,
NL1622,Cơm gạo Nhật,N12,
NL1623,Thịt bò bằm,N13,
NL1624,cạo vỏ,N02,
NL1625,Hoa Thanh long khô,N02,
NL1626,Táo mật,N02,
NL1627,Trái sung khô,N02,
NL1628,Rong biểm wakame,N02,
NL1629,đường thốt nốt,N02,
NL163,Jambon lát,N02,
NL1630,Đọt su su,N02,
NL1631,Tép bạc nhỏ,N02,
NL1632,Ruốc khô,N02,
NL1633,Gà ta mổ moi khoảng,N06,
NL1634,Sả cây để nguyên lá,N02,
NL1635,Nụ bí giống Nhật,N02,
NL1636,Bơ chín,N02,
NL1637,Cua thịt,N02,
NL164,Chanh vàng,N02,
NL1640,Lá quế tây,N02,
NL1641,Cơm nóng,N02,
NL1642,dài,N02,
NL16427,Nước tương Phú Sĩ,N18,
NL1643,Lá quế tây basil,N02,
NL1644,Phô mai Mozzarella,N02,
NL1645,Mực làm sạch,N07,
NL1647,Củ nén bằm nhỏ,N03,
NL1648,Ớt bột VN loại có vảy,N02,
NL1649,rau thơm Bắc,N08,
NL165,Tăm ghim,N02,
NL1650,Kem làm bánh topping cream,N02,
NL1651,Kẹo đường nhiều màu,N02,
NL1652,siro dâu,N02,
NL1653,Bánh phở sợi to,N10,
NL1654,Bí đỏ tròn cỡ vừa,N02,
NL1655,Bí đỏ miếng,N02,
NL1656,Bánh canh bột gạo,N12,
NL1658,Khoai mỡ,N02,
NL166,Gà ta nửa con,N06,
NL1660,Cam mật,N02,
NL1661,Bánh mì burger,N16,
NL1662,Bắp mỹ nguyên hạt,N02,
NL1664,Gừng ̉ vừa,N02,
NL1665,Hủ tiếu tươi,N10,
NL1667,dầu phi tỏi,N02,
NL1668,Thịt lươn,N02,
NL1669,Nước táo hộp,N02,
NL1670,Me chín,N02,
NL1671,me,N02,
NL1672,Mì gói nửa gói,N02,
NL1673,Bắp hạt,N02,
NL1674,Thịt bắp đùi heo,N09,
NL1675,Nghệ củ,N03,
NL1676,Sườn bò,N13,
NL1677,Dầu ớt,N02,
NL1678,Trứng ga nhỏ,N02,
NL1679,Nấm nút,N08,
NL168,Sả cây,N02,
NL1680,Rong biển ăn liền canh,N02,
NL1681,Đùi ếch tươi to,N11,
NL1682,Ức gà gà,N06,
NL1683,Phô mai,N02,
NL1684,Mộc nhĩ,N02,
NL1685,Nấm hải sản trắng,N08,
NL1686,Viên thả lẩu bánh bao hải sản nhiều màu,N02,
NL1688,Cốt tắc và quả tắc,N05,
NL169,Nghêu tươi,N02,
NL1690,Ớt ngọt đà lạt tái dài,N02,
NL1691,Cà chua bi nâu,N05,
NL1692,Mì Ý,N02,
NL1693,Dưa leo giống Nhật,N02,
NL1694,Nấm hương loại nhỏ,N08,
NL1695,quả tắc,N05,
NL1698,Boarô,N02,
NL1699,Mẻ đã lọc,N02,
NL17,Bột canh,N02,
NL170,Mực,N07,
NL1700,Thịt đà điểu,N02,
NL1701,Lá cách,N02,
NL1702,Lê Hàn quốc,N02,
NL1703,Thịt bê,N02,
NL1704,Rau húng lũi,N08,
NL1705,Dầu hành lá,N02,
NL1706,Tôm sú to Size kg,N04,
NL1707,Lá cà ri tươi khoảng,N02,
NL1709,Tương đỏ,N02,
NL171,Nấm kim châm,N08,
NL1710,Tép làm sạch,N02,
NL1712,Quế chi cỡ ngón tay,N02,
NL1713,Củ sen tươi,N03,
NL1714,Hành boaro nguyên cây,N02,
NL1715,Thịt ếch làm sạch,N11,
NL1716,Tương đậu nành loại vàng,N02,
NL1717,Gừng cạo vỏ ̉ nhỏ,N02,
NL1718,ít muối,N02,
NL1719,Gà má đùi,N06,
NL172,lá chúc,N02,
NL1720,Củ cải đỏ củ rađi,N03,
NL1721,Bôt gạo lọc,N12,
NL1722,Dụng cụ Khuôn bánh giò,N02,
NL1723,Tôm sú đã rút chỉ lưng,N04,
NL1724,Cần tàu bỏ bớt lá,N02,
NL1725,Dầu và hành phi,N02,
NL1726,bơ mặn,N02,
NL1727,dầu oliu,N02,
NL1729,Đầu hành lá chẻ đôi,N02,
NL173,Thịt cua rỉa,N02,
NL1730,Hủ tiếu khô,N10,
NL1731,Mực khô nhỏ,N07,
NL1732,Jambon có da,N02,
NL1733,Nước thơm ép,N02,
NL1734,Bột demiglace,N02,
NL1735,rượu vang đỏ,N02,
NL1736,Thịt ốc bưu,N17,
NL1737,Rau ăn lẩu rau muống cọng,N08,
NL1738,Ghẹ làm sạch,N02,
NL1739,Dầu tỏi phi,N02,
NL174,Nấm hương,N08,
NL1740,Nấm rơm nở,N08,
NL1741,lá Oregano khô,N02,
NL1742,Bột bánh bao,N02,
NL1743,Củ năng gọt sạch vỏ,N03,
NL1745,Hỗn hợp lá thơm khô của Ý,N02,
NL1746,kem sữa béo,N02,
NL1747,Mắm bò hóc,N13,
NL1748,Cà pháo,N02,
NL1749,Cải chua cọng,N02,
NL175,Hành lá cọng dài,N02,
NL1750,chẻ lưng chừa đuôi,N02,
NL1751,Tép mỡ chay,N02,
NL1752,cọng ngò gai,N02,
NL1753,Nước dùng Củ cải trắng,N03,
NL1754,Cải rổ,N02,
NL1755,Tỏi Hà Nội,N02,
NL1756,Chả lụa,N02,
NL1757,cà chua cô đặc hộp,N05,
NL1759,Me vắt không hạt,N02,
NL176,ngò rí,N02,
NL1760,trái dưa leo,N02,
NL1761,khoai tây cây đông lạnh,N02,
NL1762,Lá sách bò,N13,
NL1763,Gấc,N02,
NL1764,Gạo ngon,N12,
NL1766,Nạm bò Úc,N13,
NL1768,đường vàng,N02,
NL1769,giá trụng,N02,
NL177,Hỗn hợp cải mầm,N02,
NL1770,Cua lột,N02,
NL1771,Rau nhút nhặt sạch,N08,
NL1772,Bánh đa đỏ,N02,
NL1773,Cua đồng,N02,
NL1774,Rau cần,N08,
NL1775,rau kinh giới,N08,
NL1776,nước nắm,N02,
NL1778,Nước me sệt,N02,
NL1779,Mắm tép chua,N02,
NL178,Cua đồng làm sạch,N02,
NL1780,Dưa kiệu,N02,
NL1781,Nui ống,N02,
NL1782,Rượu ngũ vị,N02,
NL1783,Vịt tơ,N14,
NL1784,Đuôi heo,N09,
NL1785,Vỏ bánh mì,N16,
NL1786,Củ kiệu,N03,
NL17862,Trứng gà luộc trứng gà từ nước nóng khoảng,N19,
NL1787,Thịt bò bắp,N13,
NL1788,Lá chuối hột,N02,
NL1789,dây lạt,N02,
NL179,Tương hột,N02,
NL1790,tiêu hạt,N02,
NL1791,Đậu cô ve Nhật,N02,
NL1792,Sandwich,N02,
NL1793,Bánh ướt không nhân,N02,
NL1795,Cua giả,N02,
NL1796,Ô liu đen,N02,
NL1797,Rau thì là,N08,
NL1798,khuôn tròn không đáy đường kính,N02,
NL1799,Hàu sữa sống,N02,
NL180,Nấm linh chi nâu,N08,
NL1800,Sườn cốt lết,N02,
NL1801,Nước dảo dừa,N02,
NL1802,Cary dầu,N02,
NL1803,Thịt bê loại mềm,N02,
NL1804,Tàu hủ ky loại mềm,N02,
NL1805,Bắp cải trắng nhỏ,N02,
NL1806,Gạo dẻo mới,N12,
NL1807,Gạo nếp,N12,
NL1808,chanh ớt,N02,
NL1809,Rong biển sợi,N02,
NL181,trắng,N02,
NL1810,Mực tẩm,N07,
NL1811,Tỏi tây,N02,
NL1812,Patê,N02,
NL1813,Ô liêu đen,N02,
NL1814,Khô mực,N07,
NL1815,Hoành thánh,N02,
NL1816,Nước kim chi súp,N02,
NL1817,Thit nguội chay,N02,
NL1818,Hoa sen,N02,
NL1819,Thịt nguội chay,N02,
NL182,Nấm Nhật Nấm đông cô bông,N08,
NL1821,Nui sao,N02,
NL1822,Nếp cẩm,N02,
NL1823,Bột mì chén,N02,
NL1824,Lê vàng,N02,
NL1825,Bông atiso,N02,
NL1827,Rau đay,N08,
NL1828,Bao tử,N02,
NL1829,Nui tròn loại nhỏ,N02,
NL183,Ớt bằm,N02,
NL1830,Dưa lưới nhỏ,N02,
NL1831,Lá cẩm,N02,
NL1832,Bánh đa sợi to,N02,
NL1833,ketchup,N02,
NL1834,Gạo tẻ,N12,
NL1835,Vỏ nghêu,N02,
NL1836,Hành tim phi,N02,
NL1837,Đậu ve nhật,N02,
NL1838,cải trắng,N02,
NL1839,Thanh cua đông lạnh,N02,
NL184,Thịt ếch,N11,
NL1840,Mì vàng,N02,
NL1841,Cải ngọt cải thìa,N02,
NL1842,Thịt gấc,N02,
NL1843,Vỏ cam,N02,
NL1844,Bắp mỹ vàng,N02,
NL1845,Mayo,N02,
NL1846,Quả sấu,N05,
NL1847,tươi,N02,
NL1848,đều nhau,N02,
NL1849,ko lấy bụng,N02,
NL185,Măng củ tươi,N03,
NL1850,Cọng bông súng,N02,
NL1851,Sườn chay lát to,N02,
NL1852,Mắm chay,N02,
NL1853,Ức gà có da,N06,
NL1854,Salad carol,N02,
NL1855,dầu mè trắng,N02,
NL1856,Ham lát,N02,
NL1857,Tai heo mềm,N09,
NL1859,Chả quết heoGiò sống,N02,
NL186,Tàu hũ ky,N02,
NL1860,Lá hương thảo tươi dài,N02,
NL1861,Ốc mỡ,N17,
NL1862,Rong biển lá cuộn,N02,
NL1863,Tương cà chua,N05,
NL1864,Mỳ Ý,N02,
NL1865,Ngò,N02,
NL1866,Ăn tối kèm Bánh mì sandwich,N16,
NL1867,Salad nấm linh chi,N08,
NL1868,Cơm rượu miền Nam có cả cái đầy,N02,
NL1869,Rau cải con,N08,
NL187,Lá lốt,N02,
NL1870,Hạt nêm Heo,N09,
NL1871,Ăn sáng kèm Cà phê sữa,N02,
NL1873,Canh sườn khoai sọ,N02,
NL1874,Mề gà trưởng thành,N06,
NL1875,Canh tôm chua cay,N04,
NL1876,Lá tàu hủ ky khô lớn,N02,
NL1877,Táo đỏ không hạt,N02,
NL1878,Cà bi,N02,
NL188,Nước nghệ tươi,N02,
NL1880,Canh chua bông thiên lý,N02,
NL1882,Nấm hủ đùi gà,N06,
NL1883,Đậu hạt Hà Lan,N02,
NL1884,Bún tàu nhỏ,N10,
NL1885,Mực sữa,N07,
NL1886,Bầu,N02,
NL1887,Kho quẹt,N02,
NL1888,Mía dài,N02,
NL1889,Ớt hiểm tùy ý,N02,
NL189,Thịt ba chỉ,N02,
NL1890,Bò Sirlion Úc miếng,N13,
NL1891,Bắp hạt vàng,N02,
NL1892,Blendy Trà đào cam sả,N02,
NL1893,Đào hộp lấy đào không lấy nước,N02,
NL1894,Bột rau câu dẻo,N08,
NL1895,Đá viên,N02,
NL1896,Trà Đào hương Cam Sả Blendy,N02,
NL1897,Đậu Hà Lan hạt,N02,
NL1898,Cà Paste hộp,N02,
NL19,Dưa gang muối chua,N02,
NL190,Mè đen,N02,
NL1900,Mía cây chẻ mía,N02,
NL1901,Kem vani,N02,
NL1902,Syrup socola,N02,
NL1903,Hem chay,N02,
NL1905,Mẹt tre,N02,
NL1906,lót lá chuối,N02,
NL1907,Thịt bê Chọn vừa có thịt da,N02,
NL1908,đều đặn,N02,
NL1909,Nước nghệ tươi đặc,N02,
NL191,quế nhỏ,N02,
NL1911,cạnh,N02,
NL1912,Thịt heo ba chỉ Mua nguyên khối,N09,
NL1913,cân bằng mỡ và thịt,N02,
NL1914,Củ hồi,N03,
NL1915,Khoai lang bí Đà Lạt,N02,
NL1916,Tôm đông lạnh to siêu thị,N04,
NL1917,Nấm đông cô tai nhỏ,N08,
NL1918,Nước dão,N02,
NL1919,Lá cà ri khô hay tươi đều được,N02,
NL192,hồi,N02,
NL1920,Cà phê pha sẵn loại gói to,N02,
NL1921,Bánh quế socola,N02,
NL1922,Phô mai mozzarela khối,N02,
NL1923,Củ mài khoai mài hay củ hoài sơn,N03,
NL1924,Nấm hương rừng Sapa,N08,
NL1925,tổng,N02,
NL1926,Thịt má heo,N09,
NL1927,Tương cà Heinz,N02,
NL1928,Bột ớt Hàn Quốc,N02,
NL193,đinh hương,N02,
NL1932,Tép bạc ruộng Lặt bỏ đầu,N02,
NL1933,loại nhỏ,N02,
NL1934,chọn đầu giòn,N02,
NL1935,Bông điên điển Loại còn búp,N02,
NL1936,Rong biển wakame,N02,
NL1937,Bông Atisô Khoảng,N02,
NL19376,Dần sơ cho mềm,N19,
NL1938,Đùi gà không da,N06,
NL1939,Cà pháo tím trái to,N02,
NL194,Dầu olive,N02,
NL1940,Cốt dừa,N02,
NL1941,Đường tán,N02,
NL1942,Đậu đũa chần,N02,
NL1943,Sụn gà,N06,
NL1944,Thịt nguội ham,N02,
NL1945,Bánh phồng tôm gạo lứt,N04,
NL1946,Nụ đinh hương,N02,
NL1947,Cà chua tán,N05,
NL1948,màu trắng,N02,
NL1949,Đùi tỏi gà Loại nhỏ,N06,
NL195,Mật ong,N02,
NL1950,tổng lượng khoảng,N02,
NL1951,Quả tầm bóp chín,N05,
NL1952,Nước cốt tầm bóp,N02,
NL1953,Bột bánh ngàn lớp Puff parstry Nhất hương,N02,
NL1954,loại ham square,N02,
NL1955,Phô mai lát Cheddar sliced màu vàng cam sẽ đẹp,N02,
NL1956,Bông so đũa bỏ nhụy,N02,
NL1957,Ốc bươu đã tách vỏ,N17,
NL1958,Rau dưa,N08,
NL1959,salad,N02,
NL196,Húng lủi lá,N02,
NL1960,Cà chua bi đỏ và vàng,N05,
NL1961,Sữa tươi nguyên kem,N02,
NL1962,Phô mai lát Cheddar sliced màu vàng cam,N02,
NL1963,Chuối đà lạt,N02,
NL1964,Cua biển khoảng,N02,
NL1965,Lá tàu hủ ky Mềm,N02,
NL1966,dẻo,N02,
NL1967,tròn,N02,
NL1968,đường kính chọn loại có ủ lá chuối,N02,
NL1969,Cánh gà loại nhỏ tổng khoảng,N06,
NL197,Măng tây,N02,
NL1970,Tôm sú loại kg,N04,
NL1971,Cây sả chuốt nhỏ que diêm,N02,
NL1973,Bạc hà Tước vỏ,N02,
NL1974,Giá sống Lặt gốc,N02,
NL1975,Thơm trái Bỏ mắt,N02,
NL1976,Thịt bò thăn ngoại miếng dày,N13,
NL1977,Dầu tỏi,N02,
NL1978,Tỏi bắc,N02,
NL1979,Hành tây tím củ nhỏ,N03,
NL198,Khoai lang tím,N02,
NL1980,Bí đỏ chọn bí đỏ,N02,
NL1981,Nước thơm,N02,
NL1983,Sả nguyên cây,N02,
NL1984,Muối hạt to,N02,
NL1985,Gà ta thả vườn,N06,
NL1986,Trái gấc chín,N02,
NL1988,Đậu phộng trắng,N02,
NL1989,Kỷ tử đỏ khô,N02,
NL199,Kem tươi,N02,
NL1990,Trái lê nhỏ,N02,
NL1991,Tôm sú nguyên con,N04,
NL1992,Thịt ba rọi chọn miếng thịt mỡ đều,N02,
NL1993,Hoa cúc khô,N02,
NL1994,Bánh chưng vừa,N02,
NL1995,Cua gạch Có thể mua cua thịt tươi gạch cua đóng hộp,N02,
NL1996,Sốt cà chua đậm đặc tomato paste,N05,
NL1997,Phô mai parmesan,N02,
NL1998,Fillet gà thịt ức gà,N06,
NL1999,Bột cajun,N02,
NL2,Ớt chuông vàng,N02,
NL20,Cà chua,N05,
NL200,Hạt dẻ cười,N02,
NL2000,Cà chua bi đỏ,N05,
NL2001,Cua biển vừa,N02,
NL2003,đỏ loại quả nhỏ,N05,
NL2004,Cần tàu bỏ lá,N02,
NL2005,Ớt hiểm khô màu đỏ đẹp,N02,
NL2006,Bánh gạo Hàn Quốc,N12,
NL2008,cân đối,N02,
NL2009,Hạt hạnh nhân,N02,
NL201,Dụng cụ túi tam giác bắt kem,N02,
NL2010,Gà ta mổ moi,N06,
NL2011,Sả cây nguyên lá,N02,
NL2012,Hoa tiêu,N02,
NL2013,Hẹ bông,N02,
NL2014,Nấm linh chi nâu tươi,N08,
NL2015,Thịt ba chỉ bỏ da,N02,
NL2016,Hột vịt lộn,N14,
NL2017,Gà ác mổ kín,N06,
NL2018,làm sạch trọng lượng phù hợp với chum tiềm ăn,N02,
NL2019,Thuốc bắc tiềm gà đủ cho,N06,
NL202,Cồi sò điệp,N02,
NL2020,ta lá nhỏ,N02,
NL2021,Hạt sen khô,N02,
NL2022,Nhãn nhục khô,N02,
NL2023,Hàu sữa,N02,
NL2024,Lá nhàu loại bánh tẻ,N02,
NL2025,Củ sắn củ đậu,N03,
NL2026,Bánh quẩy lớn,N02,
NL2027,Kem topping,N02,
NL2028,Bột bánh khọt,N02,
NL2029,Nước lá cẩm tím đặc,N02,
NL203,Thanh cua,N02,
NL2030,Chân nấm chà bông,N08,
NL2031,Nước mắm chay Liên Thành,N02,
NL2032,Mẹt tre lót lá sen nhỏ,N02,
NL2034,Sả cây thường,N02,
NL2035,Gừng củ nhỏ,N03,
NL2036,Nghêu to còn sống cạy bỏ vỏ,N02,
NL2037,Nước cốt me đặc mua loại me tách hột,N02,
NL2038,Bia đen,N02,
NL2039,Mực ống lớn làm sạch không bỏ da,N07,
NL204,Húng lủi,N02,
NL2040,Thanh long đỏ,N02,
NL2041,Tỏi lột,N02,
NL2043,Socola dạng lỏng,N02,
NL2044,Cốt lết heo,N09,
NL2045,Húng chanh tần dày lá,N02,
NL2046,Húng lủi hoặc,N02,
NL2047,Bột pancake phô mai,N02,
NL2048,Jambon tròn,N02,
NL2049,còn da khứa,N02,
NL205,Vịt khoảng,N14,
NL2050,áp chảo,N02,
NL2051,Dưa gừng Nhật màu hồng,N02,
NL2052,Thịt cổ heo,N09,
NL2053,Ngò còn gốc,N02,
NL2054,Màu gạch tôm nhỏ,N04,
NL2055,Sữa UHT không đường,N02,
NL2056,Lá dứa dài,N02,
NL2057,Tôm bạc thẻ,N04,
NL2058,Củ hành tây,N03,
NL2059,Lòng đỏ trứng muối tán nhuyễn đỏ,N02,
NL206,Nước cốt tắc,N02,
NL2060,Dưa hấu không hạt,N02,
NL2061,Tôm càng lóng,N04,
NL2062,Riềng sợi,N02,
NL2063,Cốt dừa nhỏ,N02,
NL2064,Lá húng cây,N02,
NL2065,tách sẵn từng múi,N02,
NL2066,chưa lột vỏ,N02,
NL2067,Trái bơ,N02,
NL2068,Các loại nấm nấm kim châm,N08,
NL2069,nấm chân gà,N06,
NL207,Nước sả,N02,
NL2070,nấm linh chi tươi,N08,
NL2071,Thanh cua Nhật,N02,
NL2072,Bơ sáp chín vừa,N02,
NL2073,Củ hũ dừa tươi,N03,
NL2074,Cốt dừa tươi,N02,
NL2075,Dừa nạo sấy,N02,
NL2076,Mẻ nuôi,N02,
NL2077,Mỡ heo nước,N09,
NL2078,Lá rong biển lá nori,N02,
NL2079,Lá tàu hủ kỷ yểu,N02,
NL2080,Đậu hủ trắng loại miếng nhỏ,N02,
NL2081,Bột năng nhỏ,N02,
NL2082,Kem sữa whipping cream,N02,
NL2083,Bí sữa vàng,N02,
NL2085,Hành tây vừa,N02,
NL2086,Cải thảo lấy phần THÂN,N02,
NL2087,Hàu sữa to đã tách vỏ,N02,
NL20878,Ca rốt baby,N02,
NL2089,Tôm sú TO,N04,
NL209,Bánh phồng tôm,N04,
NL2090,Táo đỏ nhỏ,N02,
NL2092,Thịt bò thăn,N13,
NL20925,Không quá bé,N19,
NL2093,Tiểu hồi,N02,
NL2094,Riềng Bắc vỏ màu đỏ,N02,
NL2095,Cơm mẻ đặc,N02,
NL2096,Hành khô tím,N02,
NL2097,Thịt má đùi,N02,
NL2098,Chà bông giòn,N02,
NL2099,Mì gói koreno,N02,
NL21,Mọc,N02,
NL210,Dâu tây,N02,
NL2100,Bánh mì Việt Nam,N16,
NL2101,Dầu mè lượng tùy thích,N02,
NL2102,Trái cây khô có vị chua,N02,
NL2103,Thịt hào sữa,N02,
NL2104,Thịt lõi vai bò Mỹ,N13,
NL2105,Bánh mì sandwiches,N16,
NL2106,Cà rốt thác lác,N03,
NL2107,Tim bò,N13,
NL2108,lá sách,N02,
NL2109,Nấm các loại rơm,N08,
NL211,Sữa đặc có đường,N02,
NL2110,kim châm,N02,
NL2111,Whipping creamcooking cream,N02,
NL2112,Hành tây to,N02,
NL2113,Lá chanh bắclá chúc,N02,
NL2114,Khoai tây đông lạnh chọn dạng múi cau,N02,
NL2115,Nước dừa tươi nước dừa tươi nguyên chất,N02,
NL2116,Thịt đầu vai,N02,
NL2117,Ớt Ba Tri,N02,
NL2118,Pate,N02,
NL2119,Tôm sú làm sạch,N04,
NL212,Gan heo,N09,
NL2120,Lá hoành thánh tươi,N02,
NL2121,Lá mè to,N02,
NL2122,Whipping,N02,
NL2123,Rau cải ngồng,N08,
NL2124,Gà tre,N06,
NL2125,Hạt điều khô,N02,
NL2126,Thịt hàu sữa loại lớn,N02,
NL2127,Bột rau câu giòn agar,N08,
NL2128,Củ hồi fennel,N03,
NL2129,Sò lông con lớn,N02,
NL213,Hẹ lá,N02,
NL2130,Khế chua vừa,N02,
NL2132,Tóc tiên nhỏ,N02,
NL2134,Gạo Nhậtgạo nếp,N12,
NL2135,Gừng nhánh,N02,
NL2136,Nấm đầu khỉ,N08,
NL2137,Táo đỏ khô,N02,
NL2138,Củ năng gọt sạch,N03,
NL2139,Hạt sen tươi Huế,N02,
NL214,Đậu hũ trắng,N02,
NL2140,Nha đam lớn,N02,
NL2141,Lá hương thảo,N02,
NL2142,Cầy tây,N02,
NL2143,Tàu hũ ki lá,N02,
NL2144,Bánh đa nem,N02,
NL2145,Rau sống các loại,N08,
NL2146,Lá é trắng,N02,
NL2147,Tôm sú bỏ vỏ,N04,
NL2148,bỏ chỉ lưng,N02,
NL2149,Mực ống size nhỏ,N07,
NL215,Chà bông heo,N09,
NL2150,Tôm đất to,N04,
NL2151,Mực trứng size nhỏ,N07,
NL2152,Ba rọi nguyên miếng,N02,
NL2153,Mắm tôm nhỏ,N04,
NL2154,lá mơ,N02,
NL2155,Bò phi lê nguyên miếng,N13,
NL2156,Mỳ ý khô,N02,
NL2157,Pho mai parmesan,N02,
NL2158,Tương cà hộp,N02,
NL2159,Củ hủ dừa,N03,
NL216,Giò sống chay,N02,
NL2160,Váng đậu tươi,N02,
NL2161,ăng vàng,N02,
NL2162,Làm hồ bột năng pha bột năng với nước,N02,
NL2163,Phèo làm sạch,N02,
NL2164,Hẹ sẻ,N02,
NL2165,Nước nghệ tươi chén súp,N02,
NL2167,Oliu đen,N02,
NL2168,mù tạc vàng,N02,
NL2169,Cơm dừa cứng cạy,N02,
NL217,Bột nếp lọc,N02,
NL2170,Nước dừa cơm,N02,
NL2171,Dầu diều,N02,
NL2173,Dưa leo trái nhỏ,N02,
NL2174,ít ruột,N02,
NL2175,Nước cốt me súp,N02,
NL2176,Nước cốt dừa tươi cơm,N02,
NL2177,Bắp vàng Mỹ,N02,
NL2178,Phi lê đùi gà,N06,
NL2179,Mì căn ống,N02,
NL218,Nấm mèo trắng,N08,
NL2180,bột ớt Việt Nam,N02,
NL2181,Mì khoai tây,N02,
NL21827,Trứng gà Luộc trứng gà từ nước nóng khoảng,N18,
NL2183,Giá sống giá đậu nành,N02,
NL2184,Lá hành boaro,N02,
NL2185,Tương đậu Hàn Quốc,N02,
NL2186,Nước mắm kẹo,N02,
NL2188,Sò huyết con lớn,N02,
NL2189,Sả phi,N02,
NL219,Củ năng,N03,
NL2190,Bánh mì nhánh,N16,
NL2191,Cà pháo tươi,N02,
NL2192,tỏi tép Ớt hiểm,N02,
NL2193,Khoai mì đã mài,N02,
NL2194,Muối ớt tôm,N04,
NL2195,Dùng kèm rau nhút,N08,
NL2196,nước mẻ,N02,
NL2197,đường Nước mắm,N02,
NL2198,Jambon,N02,
NL2199,Cà bát,N02,
NL22,Lòng đỏ trứng muối,N02,
NL220,Boa rô phi,N02,
NL2200,Thịt ốc giác,N17,
NL2201,Thịt nách,N02,
NL2202,Poarô phi,N02,
NL2203,Wakame,N02,
NL2204,Miến dẹt sợi lớn,N10,
NL2206,Trứng vịt lộn,N14,
NL2207,Bầu quả,N05,
NL2208,Giò nạc,N02,
NL2209,Sợi bún to bún bò,N13,
NL221,Cọng ngò rí,N02,
NL2210,Cánh gà khúc giữa,N06,
NL2211,Hạt đác tươi,N02,
NL2212,Gà phi lê,N06,
NL2213,Đậu petit pois đông lạnh,N02,
NL2214,đường dầu mè,N02,
NL2215,Nước cốt chanh vàng,N02,
NL2216,Bột socola đen,N02,
NL2217,Chuối chín,N02,
NL2218,Rong biển hijiki,N02,
NL222,Lá chuối,N02,
NL2220,Lòng trắng trứng ̉,N02,
NL2222,Mía lau,N02,
NL2223,Bắp cải tròn,N02,
NL2224,Dưa lưới,N02,
NL2225,Sốt socola lỏng,N02,
NL2226,Tỏi tép lột vỏ,N02,
NL2227,giấm tiều,N02,
NL2228,Lá é,N02,
NL2229,tương ớt chua ngọt,N02,
NL223,Lòng đỏ trứng,N02,
NL2230,Hào sữa thịt,N02,
NL2231,Nho đen ̉,N02,
NL2232,Thịt quay,N02,
NL2233,Tiêu lốp khô,N02,
NL2234,Tép,N02,
NL2235,Gạo nếp cái hoa vàng,N12,
NL2236,lá nếp,N02,
NL2237,Vẹm đông lạnh,N02,
NL2238,Kem sữa tươi chén súp,N02,
NL2239,Rong biển bột,N02,
NL224,Cream cheese,N02,
NL2240,Tàu hũ ky lá cỡ bàn tay,N02,
NL2241,Boarô phi,N02,
NL2243,Bao tử heo làm sạch khoảng,N09,
NL2245,Gà chay,N06,
NL2247,Củ sen lát,N03,
NL225,Gelatin,N02,
NL2250,Nước màu điều,N02,
NL2252,Da bò bía tươi,N13,
NL2253,Lòng đỏ trứng vịt muối,N14,
NL2254,Ớt tabasco,N02,
NL2255,Ba chỉ bò đông lạnh,N13,
NL2256,Nước dùng bò,N13,
NL2258,Cải thảo phần lá,N02,
NL2259,Rau răm Wasabi,N08,
NL226,Bột cà phê đá hòa tan,N02,
NL2260,Thịt nghêu làm sạch,N02,
NL2261,Húng quế to,N02,
NL2262,rau răm Muối,N08,
NL2263,Sấu,N02,
NL2264,Thơm chin,N02,
NL2265,Nước dung,N02,
NL2266,Sườn heo,N09,
NL2268,Lá chuối nhỏ,N02,
NL2269,Tỏi tép nhỏ,N02,
NL227,Whipping cream,N02,
NL2270,Bò chay khô,N13,
NL2271,Tàu hũ ky cọng,N02,
NL2272,Mực lá tươi,N07,
NL2273,Nghệ,N02,
NL2274,Hủ tiếu dai,N10,
NL2275,Giò cháo quẩy,N02,
NL2276,Hạt dẻ cười tách vỏ,N02,
NL2277,Nghêu sống,N02,
NL2278,Lá húng chanh,N02,
NL2279,Dưa hấu,N02,
NL228,Rượu rum,N02,
NL2280,Ớt hiểm khô chọn ớt màu đỏ,N02,
NL2281,Ớt bột khô,N02,
NL2282,dầu hàu chay,N02,
NL2284,Bún cọng to,N10,
NL2285,su su bắp mỹ,N02,
NL2286,muối ớt,N02,
NL2287,Cơm gấc,N02,
NL2288,ớt bột mịn Nước mắm,N02,
NL2289,Bánh phở còn nguyên miếng,N10,
NL229,Bắp mỹ,N02,
NL2290,Ức vịt,N14,
NL2291,Rau rừng lặt sạch,N08,
NL2292,Dầu phi hành,N02,
NL2293,Đuôi bò lột bỏ da,N13,
NL2294,Rau dền,N08,
NL2295,Rau cần cạn,N08,
NL2296,Rong biển Nori vuông bằng miếng sandwich,N02,
NL2297,Sò huyết,N02,
NL2298,Chanh vắt nước cốt,N02,
NL2299,Dùng kèm bánh phồng tôm,N04,
NL23,Hàu thịt,N02,
NL230,Nước dừa,N02,
NL2300,Nước mắm tôm chua,N04,
NL2301,Thịt gà quay,N06,
NL2302,Bánh mì Crouton làm sẵn,N16,
NL2303,Thịt mực chay,N07,
NL2304,Mì Quảng,N02,
NL2305,Rong biển khô,N02,
NL2306,Tôm đát nhỏ,N04,
NL2307,Chanh Mỹ,N02,
NL2308,hoa bí,N02,
NL2309,Củ cải trắng mài nhỏ,N03,
NL231,Nấm hương khô,N08,
NL2310,Thịt sò điệp tươi,N02,
NL2311,Trái ớt hiểm,N02,
NL2312,Lòng đỏ trứng vịt,N14,
NL2313,Lườn vịt quay còn da,N14,
NL2314,Cà ri đỏ,N02,
NL2315,Dừa khô nạo,N02,
NL2316,Lá chanh tươi,N02,
NL2317,Bơ lạt thắng trong,N02,
NL2318,Ghẹ,N02,
NL2319,Kim chi bắp cải,N02,
NL232,Sữa đậu nành không đường,N02,
NL2320,Chà bông lạt,N02,
NL2321,Cà tím lớn,N02,
NL2322,Hành boaro cây,N02,
NL2323,Mì vàng cọng lớn,N02,
NL2324,bỏ đầu chừa đuôi,N02,
NL2325,Cháo gói,N02,
NL2326,Khoai từ,N02,
NL2327,Poarô phi vàng,N02,
NL2328,đường Hạt nêm,N02,
NL23288,Cắt que cỡ đầu đũa,N19,
NL233,Nước lạnh,N02,
NL2330,Nguyên liệu Thịt lươn,N02,
NL2331,Ốc bươu,N17,
NL2332,Thịt giò sống,N02,
NL2333,Ốc lác,N17,
NL2334,Cây sả,N02,
NL2335,Thịt cua biển,N02,
NL2336,Rau muống g,N08,
NL2337,Sá sùng,N02,
NL2338,Cồi sò điệp lớn,N02,
NL2339,Khoai lang ruột vàng,N02,
NL234,Thịt bò Mỹ,N13,
NL2340,Dùng kèm salad,N02,
NL2341,nước mắm chua ngọt,N02,
NL2342,Cốm dẹp,N02,
NL2344,củ cải chua,N03,
NL2345,Sò điệp,N02,
NL2346,ớt Chao đỏ,N02,
NL2347,Hàu,N02,
NL2348,Mì Nấm các loại nấm linh chi,N08,
NL2349,Mũi heo,N09,
NL235,Táo tàu,N02,
NL2350,bao nilon,N02,
NL2351,Hạnh nhân căt lát,N02,
NL2352,Chao môn trắng,N02,
NL2353,Rễ ngò rí,N02,
NL2354,Bông kim châm,N02,
NL2355,Ốc biển,N17,
NL2356,Hủ tiếu sợi khô,N10,
NL2357,ớt tỉa hoa,N02,
NL2358,Bánh mì đặc ruột,N16,
NL2359,Gạo nếp ngỗng,N12,
NL236,Gừng,N02,
NL2360,Mối,N02,
NL2361,Dây lát,N02,
NL2362,Thịt ức gà phi lê,N06,
NL2363,Nếp bún thơm,N10,
NL2364,Chả tôm,N04,
NL2366,Khuôn giấy trắng nhỏ cỡ số,N02,
NL2367,Tàu hủ ky lớn,N02,
NL2369,Chả quế,N02,
NL237,Hành boa ro,N02,
NL2370,phô mai mài sợi,N02,
NL2371,Thịt heo quay da giòn,N09,
NL2372,Thịt ba rọi muối,N02,
NL2373,Đu đủ tía,N02,
NL2374,Rau húng,N08,
NL2375,gừng tỏi,N02,
NL2377,Rau cải chíp,N08,
NL2378,hạt tiêu,N02,
NL2379,Mực ống nguyên con khoảng còn nguyên lớp da hồng,N07,
NL238,Riềng,N02,
NL2380,Lưỡi heo nhỏ,N09,
NL2381,bơ nước,N02,
NL2382,Bột gạo lọc,N12,
NL2383,Bánh mì tròn,N16,
NL2384,Cà lách,N02,
NL2385,Bánh mí sandwich,N02,
NL2386,Thịt nguột,N02,
NL2387,Muốn,N02,
NL2388,Bánh mì Hot dog,N16,
NL2390,Gà nhỏ,N06,
NL2391,Thịt ốc móng tay,N17,
NL2392,tiêu Tương cà,N02,
NL2395,Mắm sặc,N02,
NL2396,Ngãi bún,N10,
NL2397,Thịt cốt lết,N02,
NL2398,Thịt lươn làm sạch,N02,
NL2399,Sườn que,N02,
NL24,Su hào,N02,
NL240,Tắc chín,N02,
NL2400,Sò điệp nguyên vỏ,N02,
NL2401,Đậu bo,N02,
NL2402,Radish,N02,
NL2403,Phô mai parmesan bột,N02,
NL2404,Bồn bồn tươi,N02,
NL2405,Gà ta da giòn,N06,
NL2406,Tỏi nguyên tép,N02,
NL2407,tỏi cô đơn,N02,
NL2408,Cơm dừa dẻo,N02,
NL2409,Khuôn tròn bánh flan,N02,
NL241,Mì căn,N02,
NL2410,Dầu ô liu,N02,
NL2411,Bơ tươi Anchor,N02,
NL2412,Cà tím to,N02,
NL2413,Dưa chuột muối chua,N02,
NL2414,Đậu bi đông lạnh,N02,
NL2415,Súp phở chay,N10,
NL2416,Bánh mì trung bình,N16,
NL2417,than,N02,
NL2420,Củ riềng sợi nhỏ,N03,
NL2421,nước cốt,N02,
NL2422,Cơm mẻ Chọn mẻ thơm có vị chua vừa,N02,
NL2423,Cà bi vàng và đỏ,N02,
NL2424,Ức gà không da,N06,
NL2425,Trà sữa Blendy Royal,N02,
NL2426,Syrup đào,N02,
NL2427,Đọt húng lủi,N02,
NL2428,Ức gà file,N06,
NL2429,Cải kale,N02,
NL243,Nấm đông cô,N08,
NL2430,Đậu trắng lon,N02,
NL2431,Đậu gà lon,N06,
NL2432,Thịt nạc bò mềm,N13,
NL2434,kinh giới,N02,
NL2435,Rượu sakerượu trắng,N02,
NL2436,Gạo thường,N12,
NL2437,Đậu Pháp cove Nhật,N02,
NL2439,Táo Mỹ đỏ,N02,
NL244,Boaro có lá,N02,
NL2440,Táo Mỹ vàng,N02,
NL2441,Hạt óc chó walnut,N02,
NL2442,Nho Mỹ nâu,N02,
NL2443,Nấm mỡ nâu và nấm mỡ trắng,N08,
NL2444,Gấc chín,N02,
NL2445,Đùi dê,N02,
NL2446,Nước cốt dừa nhỏ,N02,
NL2447,Hạt dỗi,N02,
NL24477,Múc bỏ cùi thơm,N19,
NL2448,Khoai tây Đà lạt,N02,
NL2449,Mực lá làm sạch khoảng,N07,
NL245,bột bắp,N02,
NL2450,dầu gấc,N02,
NL2451,Tôm sú lột vỏ chừa đuôi,N04,
NL2452,Rau nhút rau rút,N08,
NL2453,Khoai sọ nhỏ,N02,
NL2454,Tai chua,N02,
NL2455,Măng tây cọng to,N02,
NL2456,Gạo lức,N12,
NL2457,Mì linguine sợi dẹp,N02,
NL2458,Đậu bi bo,N02,
NL2459,Bí đỏ gọt sạch vỏ,N02,
NL246,Đu đủ sợi,N02,
NL2460,vắt ráo nước,N02,
NL2461,ớt bột paprika Muối,N02,
NL2462,đỏ Hành tây tím Nấm rơm Hành tây Hành lá,N08,
NL2463,Gà tam hoàng thả vườn khoảng,N06,
NL2464,Hồng sâm,N02,
NL2465,Đương quy,N02,
NL2466,Rau mùi Muối,N08,
NL2467,Ức vịt khoảng,N14,
NL2469,nhỏ Đậu que,N02,
NL2470,Thịt nạc đùi,N02,
NL2471,Gạo thơm,N12,
NL2472,Thịt hàu sữa,N02,
NL2473,Su hào lột vỏ,N02,
NL2474,Gạo trắng,N12,
NL2475,Đuôi heo khoảng,N09,
NL2476,Húng quế Tiêu,N02,
NL2477,Bột nở,N02,
NL2478,Nước ấm,N02,
NL2479,Bó lá chùm ngây,N02,
NL248,Nước cốt chanh dây súp,N02,
NL2480,Thịt chay lá chùm ngây,N02,
NL2481,Tàu hủ ky,N02,
NL2482,Lá cà ri nhỏ,N02,
NL2483,Hạt ngò tươi,N02,
NL2484,Vỏ chanh vàng mài nhỏ,N02,
NL2485,Đà điểu phi lê,N02,
NL2486,Mứt trái cây nho cam dâu phúc bồn tử kiwi,N02,
NL2487,Kiệu chua chẻ làm,N02,
NL2488,Dưa hường,N02,
NL2489,Gà ta chặt miếng cạnh,N06,
NL249,Nước cốt tỏi,N02,
NL2490,Ớt hiểm trái khô ngậm mềm,N02,
NL2491,bột cam thảo,N02,
NL2492,bột sa cương,N02,
NL2493,Ngọc mực còn gọi là răng mực,N07,
NL2494,Thịt gân bò,N13,
NL2495,Bồn bồn muối chua,N02,
NL2496,Bánh mì đặc ruột mỗi ổ,N16,
NL2497,Hàu tươi,N02,
NL2498,Lá giang làm sạch,N02,
NL2499,Ớt bằm nhuyễn,N02,
NL25,Bánh pía tươi,N02,
NL250,Ngũ vị hương,N02,
NL2500,Lá cóc,N02,
NL2501,Hoành thành tươi,N02,
NL2502,Tabasco đỏ,N02,
NL2504,Lá gừng,N02,
NL2505,dầu ớt sa tế,N02,
NL2506,giữ nước dừa lại,N02,
NL2507,Ngò tây Sữa chua không đường,N02,
NL2508,tabasco,N02,
NL2509,đường trắng,N02,
NL2510,sa tế ớt,N02,
NL2511,Lòng đỏ trứng muối lấy lòng đỏ sống,N02,
NL2512,Tiêu sọ hạt,N02,
NL2513,Lá dứa thắt gút,N02,
NL2514,Nấm các loại linh chi nâu,N08,
NL2515,Mứt dâu tằm,N02,
NL2516,Bánh ướt tròn,N02,
NL2517,loại lớn,N02,
NL2518,Măng vầu,N02,
NL252,Bí Nhật,N02,
NL2520,Cọng rau muống,N08,
NL2521,Da heo tươi,N09,
NL2522,gột gelatine,N02,
NL2523,Nấm rơm trắng,N08,
NL2524,Nước dùng chén,N02,
NL2525,Cháo trắng,N02,
NL2526,Bột nếp ngon,N02,
NL2527,Rau cuốn Rau cải con,N08,
NL2528,Dụng cụ mành tre để cuốn,N02,
NL2529,giấy thấm dầu,N02,
NL253,Cơm gạo lứt,N12,
NL2530,Đậu ngự tươi,N02,
NL2531,Tôm lóng tôm càng nhỏ,N04,
NL2532,chẻ lưng,N02,
NL2533,lật quả đào,N05,
NL2534,Tương hột vàng,N02,
NL2535,Cải muối,N02,
NL2536,Câu kỷ tử,N02,
NL2537,Mực muối,N07,
NL2538,thui da,N02,
NL2539,Cà phê đen,N02,
NL254,Đậu bi,N02,
NL2540,Quế cây khô cỡ ngón tay,N02,
NL2541,Lá thơm Bay leaves,N02,
NL2542,Nhãn khô Hưng Yên,N02,
NL2543,Nấm đông cô nhỏ,N08,
NL2544,Tôm viên,N04,
NL2545,Cơm cháy,N02,
NL2546,wasabi,N02,
NL2547,Tôm sú bỏ vỏ đầu đuôi,N04,
NL2550,Dụng cụ khuôn bánh khọt,N02,
NL2551,bột cà ri Nước mắm,N02,
NL2554,Cơm dẻo hạt tròn,N02,
NL2555,Dưa leo nhỏ,N02,
NL2556,Bơ quả,N05,
NL2557,Hoa đậu biếc khô,N02,
NL2558,Soda,N02,
NL2559,Rau củ đông lạnh các loại,N03,
NL256,Thịt cua,N02,
NL2560,Blendy Trà Đào hương Cam Sả,N02,
NL2561,Kem whipping Cần dụng cụ máy đánh trứng,N02,
NL2562,khuôn kem có que gỗ,N02,
NL2563,Nước mỡ lấy từ mỡ ba chỉ,N02,
NL2564,Mỡ ba chỉ,N02,
NL2565,Giam gạo,N12,
NL2566,Gạo tím Vo sạch,N12,
NL2567,Rong biển giòn,N02,
NL2568,Tỏi củ tỏi tím bắp,N03,
NL2569,Hỗn hợp rau củ đông lạnh,N03,
NL257,Khoai mỡ tím,N02,
NL2570,Tôm càng con,N04,
NL2571,Nước me Nửa chén,N02,
NL2572,Trái lê,N02,
NL2573,Bắp mỹ tách hạt,N02,
NL2574,Mực ống khoảng,N07,
NL2575,Socola chip,N02,
NL2576,Mứt dâu tây Jam,N02,
NL2577,Mì Efu,N02,
NL2578,Bơ margarine,N02,
NL258,Tóp mỡ,N02,
NL2580,romanie,N02,
NL2581,Mỹ,N02,
NL2582,Củ cải đỏ,N03,
NL2583,Thịt thăn ngoại,N02,
NL2584,Gan gà,N06,
NL2585,Ớt đỏ sừng,N02,
NL2586,Đậu phộng khô,N02,
NL2587,Hạt mù tạt,N02,
NL2588,Muối ớt tôm khô Tây Ninh,N04,
NL2589,Vịt quay,N14,
NL259,Nấm mỡ trắng,N08,
NL2592,Đậu hủ trắng lớn,N02,
NL2593,Nấm đầu khỉ tươi,N08,
NL2595,Đọt khổ qua rừng,N02,
NL2596,Tôm thẻ nhỏ,N04,
NL2598,Tôm đất to bỏ vỏ,N04,
NL2599,Thịt bò file,N13,
NL26,Trứng gà,N06,
NL260,Cải thìa,N02,
NL2600,Bột năng bột mì,N02,
NL2601,Củ thì là fennel,N03,
NL2602,Tỏi phi dầu,N02,
NL2603,Gà chặt miếng,N06,
NL2604,Mì Soba tươi,N02,
NL2605,Mì căn cuốn ống,N02,
NL2606,Thăn bò,N13,
NL2607,Tỏi bằm nhuyễn,N02,
NL2608,Thịt heo phần nách,N09,
NL2609,Nước từ lá chùm ngây,N02,
NL261,Cật heo,N09,
NL2610,Nước từ lá cẩm,N02,
NL2611,Táo đỏ còn hạt,N02,
NL2613,Đầu hành hoa,N02,
NL2614,Bơ sáp chín,N02,
NL2615,Kẹo cốm màu,N02,
NL2616,Kem dừa vani,N02,
NL2617,Giò heo trước căt khoanh,N09,
NL2618,Cơm dừa nước,N02,
NL2619,Nước dừa nước,N02,
NL262,Khoai tây,N02,
NL2620,Quế cây,N02,
NL2621,Lê trái,N02,
NL2622,Trà sữa dâu Blendy,N02,
NL2623,Bánh cookies đỏ,N02,
NL2624,Bánh cookies đen,N02,
NL2625,Nghêu sữa kg,N02,
NL2626,Đùi tỏi gà chọn cái vừa,N06,
NL2627,đều,N02,
NL2628,Ức vịt có da,N14,
NL2629,Lá mắc mật,N02,
NL263,Quả dành dành,N05,
NL2630,Nấm đông cô tươi nhỏ,N08,
NL2631,Tôm đông lạnh không vỏ,N04,
NL2632,Mực ống đường kính,N07,
NL2633,Tàu hũ ki cọng mềm,N02,
NL2634,Chân nấm đông cô Chân dê,N08,
NL2635,Cà paste cà hộp,N02,
NL2637,Hành tây nguyên củ to dài,N03,
NL2638,Cà chua bi vàng đỏ,N05,
NL2639,Lá Thyme tươi,N02,
NL264,Trà Matcha Sữa,N02,
NL2641,Nấm đông cô tươi to,N08,
NL2642,Vịt ta khoảng,N14,
NL2643,Nước cốt me đặc,N02,
NL2644,Lưỡi lợn,N09,
NL2645,Tai lợn,N09,
NL2646,Mũi lợn,N09,
NL2647,Kem sữa tươi,N02,
NL2648,Chuối Doli,N02,
NL2649,Bánh mì đen,N16,
NL265,Whipping topping,N02,
NL2650,Lưỡi heo to,N09,
NL2651,Ghẹ sống tươi,N02,
NL2652,Ngó sen,N02,
NL2653,Hành tây to nhỏ,N02,
NL2654,Sườn sụn bò nội địa,N13,
NL2655,Mì căn lớn,N02,
NL2657,Ngọc kê,N02,
NL2658,Nước mỡ gà,N06,
NL2659,Nếp Bắc Nếp cái hoa vàng,N02,
NL266,Nước chanh,N02,
NL2661,Dừa rám,N02,
NL2662,Mứt phúc bồn tử,N02,
NL2663,Bột Pan cake vị truyền thống,N02,
NL2664,Dừa nạo sợi,N02,
NL2665,Sữa tươi ít đường,N02,
NL2666,Cơm gạo lức sấy giòn,N12,
NL2667,sữa tươi không đường chén,N02,
NL2668,Đậu phụ mơ Bắc,N02,
NL2669,Phomai cứng,N02,
NL267,Vỏ chanh vàng mài,N02,
NL2670,Ớt hiểm sừng,N02,
NL2672,Hủ tiếu sợi lớn,N10,
NL2673,Blendy trà sữa dâu,N02,
NL2674,Cánh gà khoàng,N06,
NL2675,Chân giò heo,N09,
NL2676,Bột hạnh nhân,N02,
NL2677,Màu lá cẩm,N02,
NL2678,Màu hoa đậu biếc,N02,
NL2679,Lá chuối tươi,N02,
NL268,Thịt ba chỉ rút sườn,N02,
NL2680,Gân bò lạng gân lạng từ phần thăn bò,N13,
NL2681,Khóm,N02,
NL2682,Lá é tươi,N02,
NL2683,Tôm đông lạnh tươi,N04,
NL2684,Lá Chùm ngây,N02,
NL2685,Nấm rơm búp nhỏ,N08,
NL2686,Phổ tai khô,N02,
NL2687,Cà chua bi chọn trái vừa nhỏ,N05,
NL2688,Nho đỏ,N02,
NL2689,Dưa lưới vàng,N02,
NL269,còn lại để nguyên,N02,
NL2690,Hạt óc chó,N02,
NL2691,Mù tạc nguyên hạt,N02,
NL2693,Lõi sả,N02,
NL2694,Bắp bò hoa loại ăn tái,N13,
NL2695,Khăn lông bò,N13,
NL2696,Gân bò lạng Lấy ra từ thăn phi lê bò,N13,
NL2698,Ớt hiểm trái khô loại màu đỏ đẹp,N02,
NL2699,Bí đỏ baby Bí đỏ Nhật,N02,
NL27,Mực lá,N07,
NL270,Khoai lang tím nhỏ,N02,
NL2700,Đậu phộng vỏ đỏ khô miền bắc,N02,
NL2701,Kem whipping,N02,
NL2702,Hạt é,N02,
NL2703,Sương sâm,N02,
NL2704,Phô mai đầu bò,N13,
NL2705,Gạo mới nhỏ,N12,
NL2706,Nếp mới,N02,
NL2707,Nước dừa tươi nửa trái,N02,
NL2709,Ớt Đà Lạt vàng đỏ,N02,
NL271,Nước bột năng,N02,
NL2710,Lá chúc nguyên lá,N02,
NL2712,Cà Tím giống Nhật,N02,
NL2713,Mù tạt hạt,N02,
NL2714,Tỏi nguyên tép còn vỏ,N02,
NL2715,Vỏ chanh giấy,N02,
NL2716,Tôm tươi nguyên vỏ,N04,
NL2717,Bún khô sợi nhỏ,N10,
NL2718,Ớt tươi,N02,
NL2719,Ớt tươi nhỏ,N02,
NL272,Bắp bò hoa,N13,
NL2720,Bơ sáp,N02,
NL2721,Cà chua bi vàng và đỏ,N05,
NL2722,Chanh vàng to,N02,
NL2723,Cơm tấm,N02,
NL2724,Củ cải muối sợi,N03,
NL2725,Tai heo không lấy phần mỡ,N09,
NL2726,Cồi điệp đông lạnh,N02,
NL2727,Hoa điên điển,N02,
NL2728,Ngó sen tươi,N02,
NL2729,Bạch tuộc baby,N15,
NL273,Trứng vịt,N14,
NL2730,Càng ghẹ,N02,
NL2731,Dưa chuột muối,N02,
NL2733,Sợi bún bò,N13,
NL2734,Hành boaro phần thân trắng,N02,
NL2735,Thịt đùi dê,N02,
NL2736,Gốc hành lá,N02,
NL2737,Bí đỏ hạt đậu,N02,
NL2738,Lá tàu hủ kỷ yểu lớn,N02,
NL2739,Cốm Bắc tươi,N02,
NL274,Nấm linh chi trắng,N08,
NL2740,bông sen,N02,
NL2741,Bí đỏ baby,N02,
NL2742,Bột matcha,N02,
NL2743,Bột jelly,N02,
NL2744,Bột rau câu giòn,N08,
NL2745,Gừng tươi nhỏ,N02,
NL2746,Nấm nút hộp,N08,
NL2747,Ớt vảy khô,N02,
NL2748,Dừa sấy,N02,
NL275,nâu,N02,
NL2750,Mỡ gáy heo,N09,
NL2751,Bánh cookie,N02,
NL2752,Bánh quế,N02,
NL2753,Salad Romaine,N02,
NL2754,Bơ sáp ruột vàng,N02,
NL2755,Trứng gà so,N06,
NL2756,Tàu hủ ky cọng tươi,N02,
NL2757,Lá hẹ,N02,
NL2759,Ớt bột parika hun khói,N02,
NL2760,Tương hột ngon,N02,
NL2761,Bò bằm,N13,
NL2762,Dưa kiệu nhỏ,N02,
NL2763,Trái vả,N02,
NL2765,Gà ta Gò Công,N06,
NL2766,Gạo tím,N12,
NL2767,Dưa chuột,N02,
NL2768,Bánh mỳ burger đen,N02,
NL2769,Rau ngũ vị,N08,
NL277,Lá chanh,N02,
NL2770,Ba chỉ bò loại lát nhập,N13,
NL2771,Nui ống cọng ngắn,N02,
NL2773,Thịt bạ rọi,N02,
NL2774,Màu điều dầu,N02,
NL2775,Tôm sú tươi size,N04,
NL2776,Sữa đậu nành,N02,
NL2777,Thơm còn nguyên phần đầu,N02,
NL2778,Thịt heo nạc lưng,N09,
NL2779,Măng tươi,N02,
NL278,Thịt bê có da,N02,
NL2780,tiêu Nước mắm,N02,
NL2781,Phô mai cứng,N02,
NL2782,Dầu đậu nành,N02,
NL2783,Hạt nêm hải sản,N02,
NL2784,Thịt bò nạm sườn,N13,
NL2785,rau ngò gai,N08,
NL2786,bơ lạt Muối,N02,
NL2787,Bắp hạt nhỏ,N02,
NL2788,Bắp nụ nhỏ,N02,
NL279,Ớt Đà Lạt vàng,N02,
NL2790,Thịt đùi gà,N06,
NL2791,Lá dứa bản lớn,N02,
NL2792,Bánh phở khô,N10,
NL2793,màu hạt điều,N02,
NL2794,Bầu trái nhỏ,N02,
NL2795,Thịt vịt tơ mềm,N14,
NL2798,Thịt bò philê,N13,
NL2799,Thịt bằm,N02,
NL28,Cam,N02,
NL280,Đế bánh pizza,N02,
NL2800,nước hành tỏi thơm,N02,
NL2801,Bánh rô ti,N02,
NL2802,Củ Đậu Hà Lan,N03,
NL2803,Cọng Tỏi,N02,
NL2804,Bánh đa tôm,N04,
NL2805,Salad Roman,N02,
NL2806,Ba rọi muối,N02,
NL2807,Tôm thẻ tươi,N04,
NL2808,Nấm tràm khô,N08,
NL2809,Đậu hũ mềm,N02,
NL281,Phô mai Mozarella khối,N02,
NL2810,Bơ đậu phộng Sữa tươi không đường,N02,
NL2811,Bắp cải tím Dầu mè,N02,
NL2812,Bê thui,N02,
NL2813,Thịt gà phi lê,N06,
NL28130,Bánh xếp gyoza,N19,
NL2814,Cọng cần tàu,N02,
NL2815,Măng cụt,N02,
NL2816,Sữa chua dâu,N02,
NL2818,Hành tím phi bóp nhỏ,N02,
NL2819,Măng lưỡi lợn,N09,
NL282,Thơm chín,N02,
NL2820,Gân bò,N13,
NL2821,Hũ thủy tinh keo,N02,
NL28210,múc bỏ cùi thơm,N18,
NL2822,Thanh tre,N02,
NL2823,Ốc bươu sơ chế sạch,N17,
NL2824,Ba khía,N02,
NL2827,Thịt chân giò,N02,
NL2828,Thanh tre chẻ,N02,
NL2829,Chân gà loại chân gà công nghiệp lớn,N06,
NL283,Olive đen,N02,
NL2830,vắt lấy nước,N02,
NL2831,Củ cải trắng khô,N03,
NL2832,Đu đủ sấy khô,N02,
NL2833,Kiệu tươi,N02,
NL2834,Thơm sấy khô,N02,
NL2835,Củ năng lột vỏ,N03,
NL2836,đỏ loại,N02,
NL2837,Đà điểu,N02,
NL2838,ot hiểm,N02,
NL2839,Mì trứng tươi,N02,
NL284,Húng quế tây,N02,
NL2840,Mực ống nhỏ,N07,
NL2841,Cơm gạo dẻo,N12,
NL2843,Quế tây,N02,
NL2844,cái Tai vị,N02,
NL2847,Cồi sò điệp tươi,N02,
NL2848,dầu điều Nước mắm,N02,
NL2849,Nguyên liệu Vịt quay,N14,
NL285,Thịt má đùi gà,N06,
NL2850,con Trứng cút,N02,
NL2851,bột tẩm khô,N02,
NL2852,Vỏ cam mài,N02,
NL2853,Mực lá không đầu,N07,
NL2854,Mỡ có tóp mỡ,N02,
NL2855,thịt ốc miếng,N17,
NL2856,Huyết,N02,
NL2857,Trứng vịt bắc thảo,N14,
NL2858,Bò viên chay,N13,
NL2859,Bánh phở nguyên miếng,N10,
NL286,Lá chanh Bắc nhỏ,N02,
NL2861,Rau muống hạt,N08,
NL2862,Bơ phe,N02,
NL2863,Nui nơ,N02,
NL2864,Hủ tiếu,N10,
NL2865,Bơ nhỏ,N02,
NL2866,Nui khô,N02,
NL2867,rau húng láng,N08,
NL2868,Gạo neeso,N12,
NL2869,Da hoành thánh,N02,
NL2870,Bột gạo pha loãng,N12,
NL2871,Bột nổi,N02,
NL2872,Nước vôi trong,N02,
NL2873,Tôm sú sống,N04,
NL2874,Bóng bì,N02,
NL2876,Tôm bạc tươi,N04,
NL2877,Hành lá Hành tây,N02,
NL2878,tiêu đường,N02,
NL2879,Tôm lột vỏ,N04,
NL288,Nước hành tỏi,N02,
NL2880,Bột khoai,N02,
NL2881,Cải thảo bỏ cọng,N02,
NL2882,Mì Ý số,N02,
NL2883,Con gà ta khoảng,N06,
NL2884,Ớt hiềm,N02,
NL2886,Hoa kim châm,N02,
NL2887,Đậu thận loại đóng hộp,N02,
NL2888,Tôm bạc,N04,
NL2889,Cơm nếp,N02,
NL289,Nước chanh dây có hạt ăn cơm,N02,
NL2890,Nghêu vỏ còn sống,N02,
NL2892,Bông cải trắng cái,N02,
NL2893,Mì sợi vàng,N02,
NL2896,rau om ngò gai,N08,
NL2897,Chỉ cotton,N02,
NL2899,Tàu hủ ky cọng,N02,
NL29,Ngò tây,N02,
NL290,Sườn chay khô,N02,
NL2900,Ngò rí Muối,N02,
NL2901,Thịt cua chay,N02,
NL29011,Ăn kèm lát chanh,N19,
NL2902,Gạo dẻo thơm,N12,
NL2903,Thit ếch,N11,
NL2904,Olive đen không hạt,N02,
NL2905,Bánh quy giòn,N02,
NL2907,Rau cải thìa,N08,
NL2908,Ngò rí nhỏ,N02,
NL2909,Đế pizza nhỏ,N02,
NL291,Nấm đùi gà baby,N06,
NL2910,Bắp lon nguyên hạt,N02,
NL2911,Lá orgena khô,N02,
NL2912,Nước củ riềng,N03,
NL2913,tinh dầu cà cuống,N02,
NL2914,Bánh mì hamburger,N16,
NL2916,Chân nấm hương,N08,
NL2917,Nguyên liệu Hàu,N02,
NL2918,Ức vịt bỏ da,N14,
NL2919,Thịt heo thăn,N09,
NL29196,Cá hồi file,N18,
NL292,Lòng gà,N06,
NL2920,Tôm khô nhỏ,N04,
NL2922,Bánh mì barguete,N16,
NL2923,Mì trứng khô sợi nhỏ,N02,
NL2924,Thịt đùi gà không da,N06,
NL2925,Mỡ thịt,N02,
NL2926,Rau muống chẻ,N08,
NL2927,Thỏ,N02,
NL2928,Đùi gà tây,N06,
NL2929,Mỡ heo chay,N09,
NL293,Cà chua bi trái lớn,N05,
NL2930,hạnh nhân,N02,
NL2932,Thịt heo nạc,N09,
NL2933,Tôm càng sống,N04,
NL2935,Lá tía tô lớn,N02,
NL2936,Lá đinh lăng,N02,
NL2937,ớt hiểm Muối,N02,
NL2939,Rong biển khô konbu,N02,
NL294,Bông điên điển,N02,
NL2940,Đồ chua cà rốt,N03,
NL2941,Nho móng tay,N02,
NL2942,Cơm dừa sấy khô,N02,
NL2943,Ba loại hạt hạt dưa,N02,
NL2946,Đậu hủ trắng nhỏ,N02,
NL2947,Bánh mỳ burger,N02,
NL2948,Nấm trà khô,N08,
NL2949,Nấm bạch tuyết,N08,
NL295,Sả bằm,N02,
NL2950,Gạo tấm thơm,N12,
NL2951,Hành boaro phi có dầu,N02,
NL2953,Boaro phần lá,N02,
NL2954,Sữa,N02,
NL2955,Ruốc biển tươi,N02,
NL2956,Cọng cải chua,N02,
NL2957,Cải ngọt Hong Kong Cải Ngồng,N02,
NL2959,Đậu hũ Nhật,N02,
NL2960,Kim chi cải thảo,N02,
NL2961,Gà đùi,N06,
NL2962,Kẹo cốm đủ màu,N02,
NL2964,Chân nấm đã sơ chế,N08,
NL2965,Thanh long ruột trắng nhỏ,N02,
NL2966,Bánh canh bột gạo loại có áo bột năng,N12,
NL2967,ngò thái rối,N18,
NL2968,Lá boaro xanh,N18,
NL2969,Xá bấu,N18,
NL297,Khổ qua,N02,
NL2970,tỏi ớt,N18,
NL2971,hành chẻ,N18,
NL2972,đọt húng lìu,N18,
NL2973,Thìa là,N18,
NL2974,RAU ăn kèm lẩu,N18,
NL2975,bắp non,N18,
NL2976,rau kèo nèo,N18,
NL2977,tiêu xanh,N18,
NL2978,Ngò gai lá quế,N18,
NL2979,ớt hiểm xanh đỏ,N18,
NL298,Củ cải đỏ radish,N03,
NL2980,hoa cải ngồng,N18,
NL2981,lá cần tàu,N18,
NL2982,Mỡ hẹ,N18,
NL2984,húng láng,N18,
NL2985,canh chua,N18,
NL2986,Gừng chua kiểu nhật,N18,
NL2987,Xà lách,N18,
NL2988,tàu hủ ky lá chiên,N18,
NL2989,Hành lá tỉa hoa,N18,
NL299,Rau mầm,N08,
NL2990,hành lá Tiêu xay,N18,
NL2991,Xà lách xoong,N18,
NL2992,Đầu hành lá bào,N18,
NL2993,ớt hiểm xanh,N18,
NL2994,ớt xiêm xanh đỏ,N18,
NL2995,hành hoa đầu to,N18,
NL2996,lá húng,N18,
NL2997,lá húng lúi,N18,
NL2998,ớt lát,N18,
NL3,Ớt chuông đỏ,N02,
NL300,Hương thảo,N02,
NL3000,Ngỏ rí,N18,
NL3001,Hành lá sợi,N18,
NL3002,tương xí muội,N18,
NL3004,dường,N18,
NL3005,nước mắm AJINOMOTO Giấm gạo lên men,N18,
NL3006,Cải hảo,N18,
NL3007,lốt,N18,
NL3008,cọng ngò,N18,
NL3009,Ngó rí cắt ngắn,N18,
NL301,Dụng cụ Chỉ cotton,N02,
NL3010,căt khúc,N18,
NL3012,Hành tỏi băm,N19,
NL3013,Tiêu sọ xay,N19,
NL3014,Xốt tabaco,N19,
NL3015,Tỏi ớt băm,N19,
NL3016,Hỗn hợp lá thơm khô,N19,
NL3017,Tiêu đập dập,N19,
NL3018,Ajiquick lẩu thái,N19,
NL3019,Đồ chua cắt sợi,N19,
NL302,Ngó mônkhoai nước,N02,
NL3020,Tiêu trắng xay,N19,
NL3021,Bơ lạt hơ chảy,N19,
NL3022,Mù tạt xanh,N19,
NL3023,Tiêu sọ bể,N19,
NL3024,Mỡ vịt nước,N19,
NL3025,Muối tiêu,N19,
NL3026,Dầu hẹ,N19,
NL3027,Hỗn hợp thơm,N19,
NL3028,Giấm gạo,N19,
NL3029,Ajiquick lẩu kim chi,N19,
NL303,Gan bò,N13,
NL3030,Khô cá cơm loại không tẩm,N19,
NL3031,Tiêu đen giã bể,N19,
NL3032,Baking soda,N19,
NL3033,Nước mắm truyền thống,N19,
NL3034,Ớt bột vẩy,N19,
NL3035,Muối đường,N19,
NL3037,Tiêu sọ giã bể,N19,
NL3038,Xốt takoyaki,N19,
NL3039,Ớt bột vn loại có vẩy,N19,
NL304,Bông hành,N02,
NL3040,Xốt dầu giấm,N19,
NL3041,Đường,N19,
NL3042,Tương ớt sidacha,N19,
NL3043,Muối,N19,
NL3044,Tiêu xay,N19,
NL3045,Hành băm nhuyễn,N19,
NL3046,Tỏi băm nhuyễn,N19,
NL3047,Khác muối,N19,
NL3048,Đường tiêu tương ớt,N19,
NL3049,Đậu phộng rang,N19,
NL305,Hành boa rô bằm,N02,
NL3050,Ajiquick thịt kho,N19,
NL3051,Ajiquick bún riêu cua,N19,
NL3052,Rượu vodka,N19,
NL3053,Ơt hiểm xanh đỏ,N19,
NL3054,Tỏi băm,N19,
NL3055,Ớt băm,N19,
NL3056,Cọng ngò rí băm,N19,
NL3057,Bột cam tang,N19,
NL3058,Dầu ôliu,N19,
NL3059,Sả băm,N19,
NL306,Cần tàu,N02,
NL3060,Ajiquick phở bò,N19,
NL3061,Ajiquick cá kho riềng,N19,
NL3062,Mè trắng rang,N19,
NL3063,Đầu hành trắng băm,N19,
NL3064,Ngò băm,N19,
NL3065,Dầu dăn,N19,
NL3066,Bột hương,N19,
NL3067,Giấm gạo lên men,N19,
NL30676,Cắt que như thịt,N19,
NL3068,Bột đa năng,N19,
NL3069,Xốt okonomoyaki,N19,
NL307,Đùi ếch to,N11,
NL3070,Sả xay,N19,
NL3071,Nước mắm ngon đạm,N19,
NL3072,Baking sodo,N19,
NL3073,Tương cà ketchup,N19,
NL3074,Xốt cà paste,N19,
NL30740,Bacon thịt heo xông khói,N19,
NL3075,Dầu chiên,N19,
NL3076,Dầu mè hàn quốc,N19,
NL3077,Poa rô cắt lát,N19,
NL3078,Mè rang,N19,
NL3079,Giấm đỏ,N19,
NL308,É tía,N02,
NL3080,Thông thường,N19,
NL3081,Dầu mè,N19,
NL3082,Dầu điều,N19,
NL3083,Ớt paprika,N19,
NL3084,Dầu ăn,N19,
NL3085,Rượu trắng,N19,
NL3086,Xốt mận,N19,
NL3087,Tiêu bể,N19,
NL3088,Xốt mù tạt vàng,N19,
NL3089,Tiêu đen bể,N19,
NL309,Gạo,N12,
NL3090,Sả xay nhỏ,N19,
NL3091,Muối tôm,N19,
NL3093,Dầu oliu,N19,
NL3094,Ớt sừng băm,N19,
NL3095,Tương ớt xí muội,N19,
NL3096,Nước mắm,N19,
NL3097,Hạt nêm ajingon,N19,
NL3098,Ớt hiểm băm,N19,
NL3099,Sả non băm,N19,
NL31,Nấm đông cô Nhật,N08,
NL310,nếp,N02,
NL3100,Ajiquick bún bò huế,N19,
NL3101,Dầu hào,N19,
NL3102,Tiêu lốp,N19,
NL3103,Ajiquick lẩu bò,N19,
NL3104,Nước hành tỏi băm,N19,
NL3106,Boa rô cắt lát,N19,
NL3107,Phở chay,N19,
NL3108,Hạt nêm ajingon heo,N19,
NL3109,Xốt mayonnaise ajimayo vị nguyên bản,N19,
NL311,hành tím phi,N02,
NL3110,Hành khô cắt lát,N19,
NL3111,Giã nát,N19,
NL3113,Tiêu xanh đập giập,N19,
NL3114,Dầu hàu,N19,
NL3115,Tiêu đen cà bể,N19,
NL3116,Rau,N19,
NL3117,Xốt cà chua,N19,
NL3119,Đậu phộng rang giã bể,N19,
NL3120,Nướng tương,N19,
NL3121,Hành tây băm,N19,
NL3122,Đậu phọng rang xay,N19,
NL3123,Sả đập dập,N19,
NL3124,Cắt khúc,N19,
NL3125,Bột đinh hương,N19,
NL3126,Gừng băm,N19,
NL3127,Đồ chua sợi nhỏ,N19,
NL3128,Dầu điều,N19,
NL3129,Hắc xì dầu,N19,
NL313,sống,N02,
NL3131,Ajiquick thịt kho tàu,N19,
NL3132,Mè đen rang,N19,
NL3133,Tiêu muối,N19,
NL3134,Lá thơm lọ lá thơm,N19,
NL3135,Bột ca ri,N19,
NL3136,Poa rô bằm,N19,
NL3137,Đậu phọng rang giã bể,N19,
NL3138,Ớt băm xanh đỏ,N19,
NL3139,Củ sắn cắt sợi ngâm chua ngọt,N19,
NL314,Phô mai kem,N02,
NL3140,Dầu xà lách simply,N19,
NL3141,Dầu olive extra virgin,N19,
NL3142,Húng lủi trang trí,N19,
NL3143,Ngũ vị hương bột,N19,
NL3144,Nước soda lon,N19,
NL3145,Nước mắm phú quốc,N19,
NL3146,Dầu ăn phi tỏi,N19,
NL3147,Bơ mặn để mềm,N19,
NL3148,Hạt nêm chay,N19,
NL3149,Muối sấy,N19,
NL315,Đường bột,N02,
NL3150,Dâu ăn,N19,
NL3151,Bột càri,N19,
NL3152,Rươụ trắng,N19,
NL3153,Sản phẩm nhấn,N19,
NL3154,Dầu trộn salad,N19,
NL3155,Giấm táo,N19,
NL3156,Ajiquick bột chiên giòn,N19,
NL3157,Nươc tương,N19,
NL3158,Boarô cắt lát,N19,
NL3159,Ajiquick lẩu đuôi bò,N19,
NL316,Bông thiên lý,N02,
NL3160,Khô cá lóc tẩm,N19,
NL3161,Boa rô cắt lát dầu ăn,N19,
NL3162,Ngò ớt trình bày,N19,
NL3164,Ớt sừng băm ăn kèm xà lách,N19,
NL3165,Cà chua đường,N19,
NL3166,Xà lách mỹ,N19,
NL3168,Rau ôm dầu ăn,N19,
NL3169,Nước mắm giấm gạo lên men,N19,
NL317,Húng quế,N02,
NL3170,Đọt húng lũi,N19,
NL3171,Bột ớt cay hàn quốc,N19,
NL3173,Lá chúc băm,N19,
NL3174,Ớt hiểm xanh băm,N19,
NL3175,Ớt sừng đỏ băm,N19,
NL3176,Hành băm,N19,
NL3177,Tỏi đâp giập,N19,
NL3178,Muối hột sạch hạt nhỏ,N19,
NL3179,Giấm bỗng,N19,
NL318,Mì gói Hàn Quốc,N02,
NL3180,Hành lá cắt nhỏ,N19,
NL3181,Hành phi có dầu,N19,
NL3182,Ngò rí băm,N19,
NL3183,Đường tiêu,N19,
NL3184,Tương ớt sa tế,N19,
NL3185,Bột xù,N19,
NL3186,Bột đa năng bột ngọt,N19,
NL3187,Tiêu trắng hạt,N19,
NL3188,Đường thốt nốt bột,N19,
NL3189,Tương ớt hàn quốc gojujang,N19,
NL319,Thịt bò phi lê,N13,
NL3190,Đầu hành lá băm,N19,
NL3191,Xốt ớt tabasco,N19,
NL3192,Tương ớt quảng nam,N19,
NL3193,Ngò tây băm,N19,
NL3194,Muối tôm tây ninh,N19,
NL3196,Ớt bột việt nam,N19,
NL3197,Ajiquick lẩu thập cẩm,N19,
NL3198,Xốt cà,N19,
NL32,Hành tây lớn,N02,
NL320,Rau tần ô,N08,
NL3200,Ớt bột vn loại ớt vẩy đường,N19,
NL3201,xiên,N20,
NL3202,que xiên,N20,
NL3203,túi tam giác bắt kem,N20,
NL3204,Giấy nến,N20,
NL3205,Giấy nhôm,N20,
NL3206,bình lắc,N20,
NL3207,đong,N20,
NL3208,vỉ nướng tròn,N20,
NL3209,Khuôn bánh giò,N20,
NL321,VỎ BÁNH,N02,
NL3210,khuôn bánh khọt,N20,
NL3211,khuôn chiên bánh,N20,
NL3212,Cốm xanh,N02,
NL3213,Thịt băm,N13,
NL3214,Mướp,N05,
NL322,Dầu ăn,N02,
NL323,NHÂN,N02,
NL324,Hành ngò,N02,
NL325,Màu thực phẩm màu đỏ vài giọt,N02,
NL326,DỤNG CỤ Giấy nến,N02,
NL327,tăm,N02,
NL328,màu thực phẩm đỏ,N02,
NL329,khăn vải mùng sạch,N02,
NL33,Gừng sợi,N02,
NL330,hạt mè đen,N02,
NL331,Tàu hũ ky lá tươi,N02,
NL332,Măng tây nhỏ,N02,
NL333,Nước cốt thơm,N02,
NL334,Lá ớt,N02,
NL335,Ớt đỏ nhỏ,N02,
NL336,Nước dùng,N02,
NL337,Dưa leo,N02,
NL338,Rau húng lủi,N08,
NL339,Nấm đùi gà chọn loại lớn,N06,
NL34,Nước gừng,N02,
NL340,Gạo nếp Bắc,N12,
NL341,Mỡ gà,N06,
NL342,Bột nghệ,N02,
NL34211,Hạt nêm Ajingon Giảm Muối,N18,
NL343,Thịt gà ta,N06,
NL344,Phô mai tam giác,N02,
NL345,Chà bông gà,N06,
NL346,Rong nho,N02,
NL347,Bắp cải tím,N02,
NL348,Bắp cải trắng,N02,
NL349,Cam Mỹ,N02,
NL35,Tôm sú đã lột vỏ,N04,
NL350,Chanh Mỹ vàng,N02,
NL35030,Sữa chua Hy lạp,N02,
NL351,Rau tía tô,N08,
NL352,Nấm linh chi,N08,
NL353,Củ cải trắng,N03,
NL354,Nước chanh vàng,N02,
NL355,Nấm mối sơ chế sạch,N08,
NL35506,Nấm lộc nhung,N08,
NL356,Boaro,N02,
NL357,Lòng trắng trứng gà,N06,
NL35794,Tương ớt tương cà,N19,
NL358,Tôm sú kg,N04,
NL35802,Măng tây tước xơ phần già,N19,
NL359,Bạch tuộc loại nhỏ,N15,
NL35956,Vớt ra ngâm nước lạnh,N19,
NL36,Hành tây nhỏ,N02,
NL360,Thơm,N02,
NL36069,Khoai lang cắt que như thịt,N19,
NL362,Hành tỏi,N02,
NL363,Rau nhút lặt sạch,N08,
NL364,Tỏi đập giập,N02,
NL365,Bacon,N02,
NL366,Đậu nành Nhật,N02,
NL367,Sữa tươi,N02,
NL368,Mực nguyên con,N07,
NL369,Vỏ hoành thánh,N02,
NL37,Cà chua bi,N05,
NL370,Cơm sầu riêng,N02,
NL371,Bạch tuộc,N15,
NL372,Bắp cải,N02,
NL373,Phô mai con bò cười viên nhỏ,N13,
NL374,DỤNG CỤ khuôn làm Takoyaki shop bán đồ làm bánh,N02,
NL37475,Thơm cắt khoanh dầy cắt khoanh dày,N19,
NL375,cọ phết dầu,N02,
NL37526,Cá hồi file,N19,
NL376,Khoai tây vàng,N02,
NL377,khoai tím,N02,
NL378,Bò thăn chọn khối chữ nhật,N13,
NL379,Ớt bột Paprika,N02,
NL38,Đầu hành,N02,
NL380,Hương thảo tươi,N02,
NL381,Thịt ba chỉ không da,N02,
NL382,nước tắc,N02,
NL384,Tàu hũ ky lá khô to,N02,
NL389,Thịt ba rọi,N02,
NL39,Lòng trắng trứng gà ta,N06,
NL390,Cà tím,N02,
NL391,Sườn heo chọn phần sụn,N09,
NL392,Bao tử heo,N09,
NL39237,Thanh long đỏ Cắt khối,N18,
NL393,Dồi trường,N02,
NL395,Lá thyme,N02,
NL396,oregano,N02,
NL397,Muối hồng Hymalaya,N02,
NL398,Giấy bạc,N02,
NL4,Hành tây,N02,
NL40,Đậu hũ trắng lớn,N02,
NL400,Lá quế,N02,
NL401,Salad iceberg,N02,
NL40104,vớt ra ngâm nước lạnh,N18,
NL40116,Tôm bóc vỏ,N19,
NL402,Salad lolo tím,N02,
NL403,Thịt ba chỉ hun khói,N02,
NL40342,Củ năng gọt vỏ,N19,
NL404,Bánh mì sandwich lạt,N16,
NL405,Ốc móng tay,N17,
NL406,Dầu hào,N02,
NL407,Dầu màu điều,N02,
NL408,Miến khô,N10,
NL409,Giá đậu nành,N02,
NL41,Hành boaro,N02,
NL410,bò chay hiệu An Nhiên,N13,
NL411,Nấm đùi gà lớn,N06,
NL412,Hành boaro phi,N02,
NL41366,Đường,N19,
NL414,Cà rốt bi,N03,
NL415,Bơ lạt giữ lạnh,N02,
NL416,Vang trắng,N02,
NL418,Kem sữa,N02,
NL419,Tương mè trắng,N02,
NL420,Mirin,N02,
NL421,Sake,N02,
NL423,Miến dong khô,N10,
NL42407,ĂN KÈM Bánh mì sanhdwich,N18,
NL425,Rau răm,N08,
NL427,Bóng bì lợn,N09,
NL428,Bông cải trắng,N02,
NL429,sả cây sả,N02,
NL43,Gừng bằm,N02,
NL430,Miến,N10,
NL431,Khô bò,N13,
NL432,Bắp cải trái tim,N02,
NL433,Tôm thẻ,N04,
NL434,Bún gạo,N12,
NL435,Mì koreno,N02,
NL436,Salad mỡ Đà Lạt,N02,
NL437,Bắp Mỹ hạt,N02,
NL438,Mì udon tươi,N02,
NL44,Dừa tươi,N02,
NL440,Ngó sen ngòi viết,N02,
NL441,Gà ta Chặt miếng vừa ăn,N06,
NL442,Táo đỏ nhỏ táo tàu khô,N02,
NL44298,Ăn kèm bánh mì sanhdwich,N19,
NL443,Hành Boarô,N02,
NL44392,cắt dọc làm,N18,
NL444,Cần Tây,N02,
NL445,Thịt ốc bươu,N17,
NL446,Lòng trắng trứng,N02,
NL447,Tôm làm sạch,N04,
NL448,Ngò ri,N02,
NL449,Sữa chua không đường,N02,
NL45,Whipping đánh nổi,N02,
NL450,Ngũ cốc granola,N02,
NL451,Mứt dâu,N02,
NL452,Thăn lưng bò mềm,N13,
NL453,Dưa leo Nhật,N02,
NL454,Hành tây Đà lạt,N02,
NL455,Cà rốt Đà lạt,N03,
NL456,Cà chua bi nhiều màu,N05,
NL458,Lá rong biển,N02,
NL459,Muối hồng,N02,
NL46,Hành lá,N02,
NL460,Lá hoành thánh,N02,
NL461,Thạch rau câu dẻo,N08,
NL462,Vải đóng lon,N02,
NL463,Trà Vải hương Hoa Hồng Blendy,N02,
NL464,Đùi gà góc,N06,
NL465,Rượu nếp,N02,
NL466,Tương cà,N02,
NL467,Tương ớt,N02,
NL469,Mắm,N02,
NL47,Chao trắng,N02,
NL470,Muối,N02,
NL471,Hạt nêm,N02,
NL472,Bột ngọt,N02,
NL473,Bún,N10,
NL474,Chả bò,N13,
NL476,Rau muống,N08,
NL477,Hành tây nửa củ,N03,
NL478,Bắp chuối,N02,
NL47856,Hành tây chọn củ vừa,N19,
NL47898,Xúc xích,N02,
NL479,Giá,N02,
NL48,Nước chao,N02,
NL480,Rau thơm,N08,
NL481,Dầu điều,N02,
NL48120,Ăn kèm cơm trắng,N19,
NL482,Nước mắm,N02,
NL483,Hạt nêm cf,N02,
NL484,Rong biển lá khô,N02,
NL485,Tiêu,N02,
NL486,Nước tương,N02,
NL487,Mè,N02,
NL488,Rau cần nước,N08,
NL489,Cọng súng,N02,
NL490,Me vắt,N02,
NL491,Bơ trái chín vừa ăn,N02,
NL492,Cải nầm,N02,
NL493,Dưa cải,N02,
NL494,Thịt thăn bò,N13,
NL495,Dầu,N02,
NL496,Bánh mì,N16,
NL497,Cách gà công nghiệp,N06,
NL498,Đậu hủ trắng bìa lớn,N02,
NL499,Củ hũ dừa,N03,
NL5,Tỏi củ,N03,
NL50,Cải thảo,N02,
NL500,Rau rừng,N08,
NL501,Tương đen,N02,
NL502,Đùi gà gốc,N06,
NL50202,Thanh long đỏ cắt khối,N19,
NL503,Hành lá nhỏ,N02,
NL50341,Tương miso,N19,
NL504,Tôm,N04,
NL505,Khoai mì,N02,
NL506,Kem lạnh vani,N02,
NL507,Chuối laba,N02,
NL508,Đậu ngự,N02,
NL509,Đậu đỏ,N02,
NL51,Đậu que Nhật,N02,
NL510,Đậu trắng,N02,
NL511,Nấm đông cô tươi,N08,
NL512,Dừa,N02,
NL514,Gà ta nhỏ,N06,
NL515,Đầu hành trắng,N02,
NL516,Nước hành tím,N02,
NL517,mỡ gà thắng,N06,
NL518,Bún khô,N10,
NL519,Khế chua,N02,
NL52,Cà rốt dài,N03,
NL520,Tía tô,N02,
NL521,Mắm ruốc Huế khoảng,N02,
NL522,Cánh gà vừa,N06,
NL524,Kỷ tử,N02,
NL525,Ớt khô,N02,
NL527,Bún tươi,N10,
NL528,Bánh mì sandwich,N16,
NL529,Trứng cút,N02,
NL52926,To để chiên,N19,
NL52976,Thịt heo chiên xù kiểu nhật tonkatsu,N19,
NL53,Nấm mèo,N08,
NL530,Tiêu trắng,N02,
NL531,dầu hào chay,N02,
NL532,dầu mè,N02,
NL53285,Chần sơ,N19,
NL533,Ớ hiểm khô,N02,
NL534,Nước cơm,N02,
NL535,Tôm chua cả cái lẫn nước,N04,
NL537,Hàu sữa con to,N02,
NL538,Chén nước chấm,N02,
NL539,Má đùi gà,N06,
NL54,Gà ta,N06,
NL540,Sữa chua có đường,N02,
NL541,Bánh flan,N02,
NL542,Cơm rượu nếp cẩm,N02,
NL543,Nước đá bi,N02,
NL54377,Nếp cái hoa vàng trắng,N19,
NL544,Tôm càng,N04,
NL545,Phô mai sợi,N02,
NL546,Sữa tươi hộp không đường,N02,
NL547,Rượu vang trắng,N02,
NL549,gạch để riêng,N02,
NL55,Cà rốt,N03,
NL550,Thì là,N02,
NL551,Tôm càng loại lớn kg,N04,
NL552,Lòng đỏ trứng gà,N06,
NL553,Ớt bột,N02,
NL555,Topping cream,N02,
NL556,Cốm gạo lứt,N12,
NL557,Đá bi,N02,
NL55721,Đường,N02,
NL558,Riềng bắc,N02,
NL559,Nước dùng heo,N09,
NL56,Cà tím vừa,N02,
NL560,Bún trung,N10,
NL561,Tôm sú size,N04,
NL563,Mè trắng,N02,
NL564,Nước me,N02,
NL565,Bột năng pha loãng,N02,
NL566,Vỏ nem,N02,
NL567,Khoai môn,N02,
NL568,Khoai lang,N02,
NL569,Hành boarô phi,N02,
NL57,Tôm khô to,N04,
NL570,Cơm trắng,N02,
NL57065,Rau nêm hành lá,N19,
NL571,để ráo,N02,
NL572,Ức gà không da Loại nhỏ nhất,N06,
NL573,Yaua không đường,N02,
NL57313,Rượu mirin,N19,
NL574,Nước tỏi,N02,
NL57507,đường,N18,
NL576,Thịt ba chỉ ̣mua đầu ba chỉ ít thịt,N02,
NL577,Muối hạt,N02,
NL578,vắt nước cốt chanh vào,N02,
NL579,Socola hạt,N02,
NL58,Chanh,N02,
NL580,Bột quế,N02,
NL581,Chanh lấy nước,N02,
NL58118,Bánh xếp kiểu Nhật Gyoza,N18,
NL582,Các loại topping lẩu,N02,
NL583,k nhuyễn quá,N02,
NL584,Bột nếp,N02,
NL585,Chân gà công nghiệp,N06,
NL587,dâù ăn,N02,
NL588,Thịt bò mềm,N13,
NL589,Nạc dăm,N02,
NL59,Gà quay,N06,
NL590,Bột matcha sữa,N02,
NL591,Bột cacao,N02,
NL592,Kem béo whipping cream,N02,
NL593,Nho khô,N02,
NL59354,Bánh xếp Gyoza,N18,
NL594,Blendy Trà Matcha Sữa,N02,
NL595,Tương Hột Ớt Chilli beean sauce lee kum kee,N02,
NL596,Đường phèn,N02,
NL597,Nghêu,N02,
NL599,Bột pho mai,N02,
NL6,Nước cốt chanh,N02,
NL60,Cải chua,N02,
NL600,Gạch cua,N02,
NL601,Mực nang làm sạch,N07,
NL602,Sa tế tôm,N04,
NL604,Củ nén,N03,
NL605,Hẹ tăm,N02,
NL606,Bắp cải bỏ cọng cứng,N02,
NL607,Thịt bò file mềm,N13,
NL608,Lá cách lớn,N02,
NL609,Thịt heo quay,N09,
NL61,Măng chua,N02,
NL610,Mắm linh,N02,
NL612,Nước thơm nửa chén,N02,
NL614,Tỏi bằm,N02,
NL615,Nước cốt me,N02,
NL61596,Nạc lưng heo nạc cốt lếch cắt lát dầy,N19,
NL616,Tim heo Bổ đôi làm sạch,N09,
NL617,Tỏi Lý Sơn,N02,
NL618,Hành tăm củ nén,N03,
NL619,Rượu Brandy,N02,
NL62,Gừng nhỏ,N02,
NL620,Thịt nạc đầu vai,N02,
NL621,Cọng Cải ngồng,N02,
NL62143,Đậu hũ non,N19,
NL622,Mì trứng,N02,
NL623,Hành bắc phi,N02,
NL624,Bông hẹ,N02,
NL625,Ếch nguyên con làm sạch,N11,
NL626,bỏ da,N02,
NL627,Tỏi tímtỏi bắc,N02,
NL629,Bơ thực vật,N02,
NL63,Mực ống tươi,N07,
NL630,Rượu trắng,N02,
NL631,Sợi phở,N10,
NL632,Tôm bạc đất,N04,
NL633,Chả lụa chay,N02,
NL63324,Xúc xích xông khói,N19,
NL634,Hành boaro THƠM,N02,
NL63477,Hạt quinoa,N02,
NL635,Bánh canh bột lọc,N02,
NL636,Bột năng Pha loãng với nước,N02,
NL637,Màu dầu điều,N02,
NL639,Cốt chanh,N02,
NL64,Rau mầm tím,N08,
NL640,Thịt cua càng cúm,N02,
NL641,Củ thì là,N03,
NL642,Ôliu đen,N02,
NL643,Đùi gà,N06,
NL644,Dừa nạo,N02,
NL645,Cà ri bột,N02,
NL646,Cà ri dầu,N02,
NL647,Tỏi phi,N02,
NL648,Mắm tôm,N04,
NL649,Đậu trắng Đà Lạt tươi,N02,
NL65,Hành tây tím nhỏ,N02,
NL650,Tôm bạc thẻ tươi,N04,
NL651,Sấu quả to,N05,
NL652,Bột tỏi,N02,
NL653,bột hành,N02,
NL655,Nước cam sành,N02,
NL656,Bột cam,N02,
NL657,Tôm sú con nhỏ,N04,
NL658,Cà chua bi Húng lũi,N05,
NL659,Mì soba,N02,
NL65937,Bánh mì ổ,N19,
NL66,Củ radish,N03,
NL660,Cồi điệp,N02,
NL661,Rau húng quế,N08,
NL662,Ớt sa tế,N02,
NL663,Đậu petit pois,N02,
NL664,Bánh ướt,N02,
NL665,Các loại rau thơm,N08,
NL666,bơ đậu phộng,N02,
NL667,Đùi ếch,N11,
NL668,Nước củ kiệu,N03,
NL67,Gừng mài,N02,
NL670,Củ cải đỏ củ ra di,N03,
NL671,Dưa leo baby,N02,
NL672,Mì spaghetti,N02,
NL673,lá quế tây tươi,N02,
NL674,lá oregano,N02,
NL675,Bông bí,N02,
NL676,Lá húng quế,N02,
NL677,Sườn chay lát,N02,
NL678,Măng trúc,N02,
NL679,Mắm ruốc Huế,N02,
NL680,Lá tía tô,N02,
NL681,Tỏi tép,N02,
NL682,Thịt ức gà,N06,
NL68262,rượu mirin,N18,
NL684,Cà paste,N02,
NL685,Bắp Mĩ,N02,
NL686,dài khoảng,N02,
NL687,Mì Udon,N02,
NL688,Thịt bò chay lát,N13,
NL690,ớt bột Hàn Quốc,N02,
NL691,nước mắm chay,N02,
NL694,Lá cà ry,N02,
NL695,Nước me đặc,N02,
NL696,Ức gà còn phần da,N06,
NL697,Cần tàu chọn loại cọng to,N02,
NL698,Tôm đất tươi,N04,
NL699,Mực tươi,N07,
NL69996,Mì ramen Luộc chín trong,N18,
NL7,Mù tạt vàng,N02,
NL70,Tôm khô,N04,
NL700,Mỡ phần,N02,
NL70070,tương Miso,N18,
NL701,nước màu,N02,
NL702,Thịt nạc dăm,N02,
NL703,Sa kê,N02,
NL704,Lá sả tươi,N02,
NL705,Ớt trái khô,N02,
NL706,Hành hương để nguyên gốc hành và lá,N02,
NL707,Húng lũi,N02,
NL708,rau húng cây,N08,
NL709,rau quế,N08,
NL71,Mỡ heo,N09,
NL71043,Cải xoăn kale,N02,
NL711,Lá rau quế,N08,
NL712,tương ớt Bắc,N02,
NL713,Mề gà,N06,
NL715,Cà bi nhỏ,N02,
NL716,Vỏ chanh vàng,N02,
NL717,Mì tươi,N02,
NL718,Ngũ cốc hạt loại hạt cho sữa vào ăn sáng,N02,
NL719,Sữa chua,N02,
NL72,đỏ,N02,
NL720,Nước cốt hành tím,N02,
NL721,Cơm nguội,N02,
NL722,Thịt hến,N02,
NL723,Bạc hà,N02,
NL724,Khế,N02,
NL725,Rau thơm húng cây,N08,
NL72555,Chanh núm vàng mài lấy vỏ chanh,N19,
NL72588,Cắt lát,N19,
NL726,mỡ nước,N02,
NL727,mắm ruốc,N02,
NL728,Nước nghệ,N02,
NL729,Bắp bò loại bắp rùa,N13,
NL73,Tôm đông lạnh,N04,
NL730,Củ sắn,N03,
NL731,Lưỡi heo,N09,
NL732,Huyết heo,N09,
NL733,Bí ngòi,N02,
NL735,Boa rô,N02,
NL736,Tàu hũ ki tươi,N02,
NL737,chặt nắp đường kính,N02,
NL738,giữ nắp,N02,
NL739,Táo tàu đỏ,N02,
NL74,Trứng gà ta,N06,
NL740,Kỉ tử,N02,
NL741,Đảng sâm,N02,
NL742,Bạch quả,N05,
NL743,Tôm đất,N04,
NL74373,Chanh núm vàng Mài lấy vỏ chanh,N18,
NL744,vắt ráo,N02,
NL745,đồ chua,N02,
NL746,Khuôn bánh cóng,N02,
NL747,Nước me cô đặc,N02,
NL748,Ngải cứu,N02,
NL749,Bánh đa đỏ g,N02,
NL75,Giò sống,N02,
NL750,chừa đuôi,N02,
NL75090,Đồ chua nhật gừng ngâm đậu luộc,N19,
NL75122,Tôm thẻ bóc vỏ tôm đông lạnh,N19,
NL752,sa tế,N02,
NL75244,Lá quế chọn lá nguyên,N19,
NL753,Tàu hũ ky lá,N02,
NL754,Hành baro phi,N02,
NL75454,Xá xíu cắt hạt lựu,N19,
NL755,Nước chanh muối,N02,
NL756,Mạch nha,N02,
NL757,Nấm đùi gà,N06,
NL758,Nấm hương tươi,N08,
NL759,Đẳng sâm,N02,
NL76,Hành tỏi phi,N02,
NL760,hoa hồi,N02,
NL761,thảo quả,N05,
NL762,quế chi,N02,
NL763,sen,N02,
NL764,Thịt ba chỉ Tương đen Hàn Quốc,N02,
NL765,Mì tươi Hàn quốc,N02,
NL766,Tương đen Hàn Quốc,N02,
NL767,Đùi gà công nghiệp cái,N06,
NL768,Nước táu nước láu,N02,
NL769,Quế chi nhỏ,N02,
NL77,đầu hành lá,N02,
NL770,Hành khô,N02,
NL771,Tiêu đen nguyên hạt,N02,
NL772,muối tiêu chanh,N02,
NL773,Da heo,N09,
NL774,Tai heo,N09,
NL776,Mẻ,N02,
NL777,Nước nghệ đặc,N02,
NL778,Hành và thì là,N02,
NL779,Nước cốt gừng,N02,
NL78,Tôm sú nhỏ,N04,
NL780,Củ sen,N03,
NL781,Mì sợi,N02,
NL782,củ cải trăng,N03,
NL783,susu,N02,
NL784,cải thào,N02,
NL785,tai vị,N02,
NL786,quế,N02,
NL787,vỏ quýt khô,N02,
NL788,hành boa rô phi,N02,
NL78890,Bơ chín cắt khối,N19,
NL78893,Cà rốt tỉa hoa,N19,
NL789,rượu mai quế lộ,N02,
NL79,Bột mì,N02,
NL790,Mắm tôm chua,N04,
NL791,Thịt bắp bò,N13,
NL792,Nấm các loại,N08,
NL793,Rau muống cọng,N08,
NL794,Gà ta khoảng,N06,
NL79446,Bắp cải trắng bào,N19,
NL795,Chôm chôm đã bóc bỏ vỏ và hạt,N02,
NL796,Trứng muối,N02,
NL797,Gàu bò,N13,
NL798,Bánh phở,N10,
NL799,ớt,N02,
NL8,Bơ,N02,
NL80,Bơ lạt,N02,
NL800,Muối hột,N02,
NL801,Hành tây bi,N02,
NL802,Củ cải trắng nhỏ,N03,
NL803,Rượu ngũ vị hương,N02,
NL804,tương chua ngọt,N02,
NL805,Mỡ,N02,
NL806,Thịt ốc bươu đã bỏ đuôi,N17,
NL807,Mồng tơi,N02,
NL808,Ba chỉ bò Úc,N13,
NL809,Cơm gạo tím,N12,
NL81,Ớt chuông đỏ nhỏ,N02,
NL810,Lá sen,N02,
NL811,Hạt nêm nấm,N08,
NL812,Đậu hủ trắng,N02,
NL813,Rong biển Nori,N02,
NL814,Phô mai con bò cười vuông nhỏ,N13,
NL815,Gelatine bột,N02,
NL816,Nho nâu không hạt to,N02,
NL817,Trà Matcha sữa blendy,N02,
NL818,Tôm sú bỏ đầu,N04,
NL819,vỏ,N02,
NL82,Ớt chuông vàng nhỏ,N02,
NL820,đuôi,N02,
NL822,Tỏi lột vỏ,N02,
NL823,Đậu phộng sống,N02,
NL82320,Hạt nêm thường,N19,
NL824,Rau bồ ngót,N08,
NL825,Bắp vàng,N02,
NL826,Tim heo,N09,
NL827,Thịt nghêu đông lạnh,N02,
NL828,Cải ngọt,N02,
NL83,Húng tây,N02,
NL830,Gạo dẻo,N12,
NL831,Bắp nếp,N02,
NL83122,Súp miso miso,N19,
NL832,Dừa nạo nước cốt,N02,
NL833,THỰC ĐƠN BỮA ĂN Bữa phụ chiều,N02,
NL834,Khoai môn cao,N02,
NL835,Chao đỏ,N02,
NL836,Ăn tối kèm Bún tươi,N10,
NL837,Lươn,N02,
NL838,Rong nho tách nước,N02,
NL83899,Bánh xếp kiểu nhật gyoza,N19,
NL839,Ăn trưa kèm Cơm,N02,
NL84,Phô mai sợi Mozarella,N02,
NL840,Canh khoai tím hột lựu,N02,
NL843,Mía cây,N02,
NL844,Ớt trái,N02,
NL845,Canh rau dền khoai sọ,N08,
NL846,Gầu bò,N13,
NL84646,Rau nêm đọt lá quế,N19,
NL847,Phở,N10,
NL848,Táo,N02,
NL849,Kiwi,N02,
NL850,Dâu,N02,
NL851,Bông so đũa,N02,
NL852,Bông súng,N02,
NL853,Kimchi ông Kim,N02,
NL854,chọn mẻ ngấu nhiều,N02,
NL855,Thịt bò fillet mềm,N13,
NL85504,vắt nước lấy,N18,
NL856,Tương ớt Hàn Quốc Gochujang,N02,
NL858,Cam vàng,N02,
NL859,Khoai tây khoảng,N02,
NL86,Lá dứa,N02,
NL860,Củ dền,N03,
NL861,Bắp Mĩ hạt,N02,
NL862,Dăm bông,N02,
NL863,Ba chỉ bò,N13,
NL864,Phô mai lát,N02,
NL86462,Hạt điều rang giã bể,N19,
NL865,Gà da giòn Bình định chặt miếng,N06,
NL866,Húng lủi Bắc,N02,
NL867,Hạt mắc khén,N02,
NL86711,Xả nước lạnh,N19,
NL868,Hạt dổi,N02,
NL869,bỏ cuống,N02,
NL87,Gừng lát,N02,
NL870,Tỏi Bắc lột vỏ,N02,
NL871,Cải ngồng,N02,
NL872,Ba rọi heo,N09,
NL873,Lá basil quế tây khô,N02,
NL874,Hoa súng,N02,
NL875,Tắc to,N02,
NL87544,Vắt nước lấy,N19,
NL876,Mì nưa,N02,
NL87674,Ăn kèm dưa leo,N19,
NL877,Ớt chuông,N02,
NL879,Khoai tây nhỏ,N02,
NL88,Ớt hiểm,N02,
NL880,Giá sạch,N02,
NL881,Dầu mè HQ Hàn quốc,N02,
NL882,Thịt vế cua,N02,
NL883,Nước dùng rau củ,N03,
NL884,Ngưu bàng tươi,N02,
NL885,Nấm hương sapa,N08,
NL886,Nấm mối đen,N08,
NL887,Thịt bò fillet,N13,
NL888,Nươc dùng gà,N06,
NL889,Riềng cạo vỏ,N02,
NL89,Bí đỏ,N02,
NL890,Sả cây bỏ lá,N02,
NL891,Đậu gà đóng hộp Chickpea,N06,
NL892,Bơ mè Tahini,N02,
NL893,Nho đen ko hạt,N02,
NL89398,Bơ chín Cắt khối,N18,
NL894,Cốm màu,N02,
NL895,Khoai lang Nhật,N02,
NL896,Sữa đặc,N02,
NL897,Nếp ngỗng,N02,
NL898,Thịt cua Thịt tươi không khai Không dùng thịt ghẹ,N02,
NL89861,chần sơ,N18,
NL90,Rong biển Nhật wakame,N02,
NL900,Tôm khô con nhỏ,N04,
NL901,Lá cẩm tươi,N02,
NL902,Bò fillet,N13,
NL903,Chà bông,N02,
NL904,Nấm tuyết,N08,
NL905,Rong biển sấy,N02,
NL906,Bạch tuột,N02,
NL907,Bánh gạo,N12,
NL90767,Nước tương phú sĩ,N19,
NL908,Thịt bê cuộn Có da bên ngoài,N02,
NL909,Chỉ coton,N02,
NL91,Lê,N02,
NL91068,Hành tím băm,N19,
NL911,Nho,N02,
NL912,Bánh mì trắng sandwich,N16,
NL913,Mứt cam,N02,
NL914,Phô mai kem cream cheese,N02,
NL915,Dâu ngọt,N02,
NL916,Cá Diêu hồng,N01,
NL917,Dọc mùng,N02,
NL918,Giá đỗ,N02,
NL919,Hành củ,N03,
NL92,Bột năng,N02,
NL920,hành hoa,N02,
NL92099,Xà lách crocket,N02,
NL921,ngò om,N02,
NL92114,Đọt lá quế,N18,
NL922,Lá chanh Thá,N02,
NL92283,Xốt mayonnaise ajimayo,N19,
NL925,Rau om rau ngổ,N08,
NL927,Ớt bột mịn,N02,
NL928,bột tempura,N02,
NL929,Lươn phi lê,N02,
NL93,Nấm mèo khô,N08,
NL930,Mì Quảng vàng,N02,
NL931,Tương ớt Đà Nẵng,N02,
NL932,cải con,N02,
NL93208,xả nước lạnh,N18,
NL933,dầu đậu phộng,N02,
NL935,Chuối chát,N02,
NL936,Dưa kiệu chua,N02,
NL937,Thịt bê phi lê,N02,
NL938,Cọng cải rổ,N02,
NL939,Kim chi củ cải,N03,
NL94,Phở sắn khô khoảng,N10,
NL941,Nước chanh dây,N02,
NL942,vàng,N02,
NL943,Đu đủ hường,N02,
NL944,Tỏi củ nhỏ,N03,
NL945,Thịt nghêu,N02,
NL946,Đu đủ hườm,N02,
NL947,Bơ mềm,N02,
NL948,Nước,N02,
NL949,Nhân bánh,N02,
NL95,Nấm rơm búp,N08,
NL950,Phô mai sợi mozzarella,N02,
NL951,Hẹ,N02,
NL952,Lá cà ri,N02,
NL953,Ức gà,N06,
NL954,ớt bột dầu mè,N02,
NL955,Thịt cổ bò,N13,
NL95525,Thơm cắt hạt lựu,N19,
NL956,Rau càng cua,N08,
NL957,Ếch làm sạch khoảng,N11,
NL958,Chà bông tôm,N04,
NL96,Tàu hũ ky lá to,N02,
NL960,Hạt điều muối,N02,
NL961,bột ngũ vị hương,N02,
NL963,Thơm trái,N02,
NL964,Rau ăn lẩu Rau kèo nèo,N08,
NL965,Rau nhút,N08,
NL966,Lá khổ qua rừnglá nhái,N02,
NL967,Nghêu còn vỏ,N02,
NL968,Bột năng pha nước,N02,
NL969,Dụng cụ Lá chuối,N02,
NL96965,Tôm khô ngâm nước nóng,N19,
NL97,Nước dùng chay,N02,
NL970,dây cột,N02,
NL972,Giò heo gân chặt khoanh,N09,
NL97288,Rau nêm lá húng lủi,N19,
NL973,Bạch quả tươi,N05,
NL974,Bánh hỏi,N02,
NL975,Rau rừng các loại,N08,
NL97507,Xà lách lolo,N19,
NL976,Bông hẹ chần,N02,
NL977,Nấm mèo nhỏ,N08,
NL979,Gừng vừa,N02,
NL98,Hành boa rô,N02,
NL981,bột cà ri,N02,
NL982,Bột Cari,N02,
NL983,Thịt bò phi lê mềm,N13,
NL984,Sò lông,N02,
NL985,Mực lá làm sạch khứa vảy rồng,N07,
NL986,Tép tỏi nhỏ loại tỏi Lý Sơn,N02,
NL987,Thịt nách có da,N02,
NL988,Màu gạch tôm,N04,
NL989,bột cumin,N02,
NL99,Ớt Đà Lạt đỏ,N02,
NL990,Đuôi bò lột không da chặt khúc,N13,
NL991,Hoa Atiso,N02,
NL992,Thịt nạm bò,N13,
NL993,Chân nấm đông cô khô,N08,
NL99310,Cắt dọc làm,N19,
NL99388,Bắp cải trắng cắt sợi,N19,
NL994,Cọng cần tây,N02,
NL99441,Mì ramen luộc chín trong,N19,
NL995,sa tế chay,N02,
NL996,chao,N02,
NL998,Hoa chuối,N02,
NL999,Blendy Matcha sữa,N02,
