﻿ma_nhom_nguyen_lieu,ten_nhom_nguyen_lieu,loai_nhom_nguyen_lieu
N01,cá,"Hải sản"
N02,khác,"Khác"
N03,củ,"Rau củ quả"
N04,tôm,"Hải sản"
N05,quả,"Rau củ quả"
N06,thịt gà,"Thịt"
N07,mực,"Hải sản"
N08,rau,"Rau củ quả"
N09,thịt heo,"Thịt"
N10,phở/bún/hủ tiếu/miến,"Tinh bột"
N11,ếch,"Hải sản"
N12,gạo,"Tinh bột"
N13,thịt bò,"Thịt"
N14,thịt vịt,"Thịt"
N15,bạch tuộc,"Hải sản"
N16,bánh mì,"Tinh bột"
N17,ốc,"Hải sản"
N18,rau gia vị,"Rau gia vị"
N19,gia vị,"Gia vị"
N20,dụng cụ,"Dụng cụ"
