﻿ma_nguyen_lieu,ma_gian_hang,hinh_anh,so_luong_ban,gia_goc,phan_tram_giam_gia,ngay_cap_nhat,thoi_gian_bat_dau_giam,thoi_gian_ket_thuc_giam,don_vi_ban,gia_cuoi
NL1001,GH000030,https://storage.googleapis.com/monan-bucket/NL1001.jpg,10.0,15000,0.0,2025-10-30 10:37:49,2025-10-30 07:00:00,2025-10-30 17:00:00,kg,15000.0
NL1002,GH000030,https://storage.googleapis.com/monan-bucket/NL1002.jpg,8.0,12000,0.0,2025-10-30 10:37:49,2025-10-30 07:00:00,2025-10-30 17:00:00,kg,12000.0
NL1003,GH000030,https://storage.googleapis.com/monan-bucket/NL1003.jpg,0.5,18000,5.0,2025-10-30 10:37:49,2025-10-30 07:00:00,2025-10-30 17:00:00,kg,17100.0
NL1004,GH000030,https://storage.googleapis.com/monan-bucket/NL1004.jpg,5.0,15000,0.0,2025-10-30 10:37:49,2025-10-30 07:00:00,2025-10-30 17:00:00,kg,15000.0
NL1005,GH000030,https://storage.googleapis.com/monan-bucket/NL1005.jpg,6.7,12000,0.0,2025-10-30 10:37:49,2025-10-30 07:00:00,2025-10-30 17:00:00,kg,12000.0
NL1006,GH000004,https://storage.googleapis.com/monan-bucket/NL1006.jpg,2.7,70000,10.0,2025-10-30 09:53:43,2025-10-25 08:00:00,2025-10-25 13:00:00,kg,63000.0
NL1012,GH000004,https://storage.googleapis.com/monan-bucket/NL1012.jpg,2.3,50000,0.0,2025-10-30 10:12:19,2025-10-29 10:00:00,2025-10-29 15:00:00,kg,50000.0
NL1022,GH000032,https://storage.googleapis.com/monan-bucket/NL1022.jpg,6.0,250000,0.0,2025-10-30 11:03:05,2025-10-30 07:00:00,2025-10-30 17:00:00,kg,250000.0
NL1025,GH000032,https://storage.googleapis.com/monan-bucket/NL1025.jpg,7.0,130000,10.0,2025-10-30 11:03:05,2025-10-30 07:00:00,2025-10-30 17:00:00,kg,117000.0
NL1030,GHNDBR02,https://storage.googleapis.com/monan-bucket/NL1030.jfif,5.0,290000,0.0,2025-11-17 16:52:17,,,kg,290000.0
NL1030,GHNDBTH1,https://storage.googleapis.com/monan-bucket/NL1030.jfif,6.0,300000,0.0,2025-11-17 16:52:17,,,kg,300000.0
NL1030,GHNDBTH3,https://storage.googleapis.com/monan-bucket/NL1030.jfif,34.0,305000,0.0,2025-11-17 16:52:17,,,kg,305000.0
NL1052,GH000032,https://storage.googleapis.com/monan-bucket/NL1052.jpg,8.0,220000,0.0,2025-10-30 11:03:05,2025-10-30 07:00:00,2025-10-30 17:00:00,kg,220000.0
NL107,GH000032,https://storage.googleapis.com/monan-bucket/NL107.jpg,6.0,180000,5.0,2025-10-30 11:03:05,2025-10-30 07:00:00,2025-10-30 17:00:00,kg,171000.0
NL1081,GH000004,https://storage.googleapis.com/monan-bucket/NL1081.jpg,1.0,30000,0.0,2025-10-30 10:12:19,2025-10-25 08:00:00,2025-10-25 13:00:00,kg,30000.0
NL1083,GH000033,https://storage.googleapis.com/monan-bucket/NL1083.jpg,11.0,13000,0.0,2025-10-30 11:09:07,2025-10-29 10:00:00,2025-10-29 15:00:00,hộp,13000.0
NL1103,GHNDBR02,https://storage.googleapis.com/monan-bucket/NL1103.jpg,6.3,90000,0.0,2025-11-08 09:44:17,,,kg,90000.0
NL1106,GH000033,https://storage.googleapis.com/monan-bucket/NL1106.jpg,17.0,30000,0.0,2025-10-30 11:09:07,2025-10-25 08:00:00,2025-10-25 13:00:00,túi,30000.0
NL1106,GH000039,https://storage.googleapis.com/monan-bucket/NL1106.jpg,5.0,12800,0.0,2025-11-17 16:43:52,,,kg,12800.0
NL1106,GH000040,https://storage.googleapis.com/monan-bucket/NL1106.jpg,8.0,14000,0.0,2025-11-17 16:43:52,,,kg,14000.0
NL1106,GHNDTH01,https://storage.googleapis.com/monan-bucket/NL1106.jpg,15.0,12000,0.0,2025-11-17 16:43:52,,,kg,12000.0
NL1106,GHNDTH02,https://storage.googleapis.com/monan-bucket/NL1106.jpg,10.0,12500,0.0,2025-11-17 16:43:52,,,kg,12500.0
NL1106,GHNDTH03,https://storage.googleapis.com/monan-bucket/NL1106.jpg,9.0,13200,0.0,2025-11-17 16:43:52,,,kg,13200.0
NL1107,GHNDTH01,https://storage.googleapis.com/monan-bucket/NL1107.jpg,50.0,36000,0.0,2025-11-08 13:11:53,,,Biên Hòa pure túi 1kg,36000.0
NL1122,GH000004,https://storage.googleapis.com/monan-bucket/NL1122.jpg,1.0,100000,0.0,2025-10-30 10:12:19,2025-10-25 08:00:00,2025-10-25 13:00:00,kg,100000.0
NL1144,GH000039,https://storage.googleapis.com/monan-bucket/NL1144.jpg,10.0,45000,0.0,2025-11-09 17:26:22,,,gói,45000.0
NL1144,GH000040,https://storage.googleapis.com/monan-bucket/NL1144.jpg,10.0,47800,0.0,2025-11-09 17:26:22,,,gói,47800.0
NL1144,GHNDTH01,https://storage.googleapis.com/monan-bucket/NL1144.jpg,10.0,40000,0.0,2025-11-09 17:26:22,,,gói,40000.0
NL1144,GHNDTH02,https://storage.googleapis.com/monan-bucket/NL1144.jpg,10.0,47000,0.0,2025-11-09 17:26:22,,,gói,47000.0
NL1144,GHNDTH03,https://storage.googleapis.com/monan-bucket/NL1144.jpg,10.0,45000,0.0,2025-11-09 17:26:22,,,gói,45000.0
NL1145,GH000030,https://storage.googleapis.com/monan-bucket/NL1145.jpg,10.0,48000,0.0,2025-11-09 17:37:37,,,kg,48000.0
NL1145,GHND1BRT,https://storage.googleapis.com/monan-bucket/NL1145.jpg,10.0,48700,0.0,2025-11-09 17:37:37,,,kg,48700.0
NL1145,GHNDBR01,https://storage.googleapis.com/monan-bucket/NL1145.jpg,10.0,46000,0.0,2025-11-09 17:37:37,,,kg,46000.0
NL1145,GHNDBR03,https://storage.googleapis.com/monan-bucket/NL1145.jpg,10.0,46500,0.0,2025-11-09 17:37:37,,,kg,46500.0
NL1145,GHNDBRT2,https://storage.googleapis.com/monan-bucket/NL1145.jpg,10.0,46000,0.0,2025-11-09 17:37:37,,,kg,46000.0
NL1162,GHNDBTH3,https://storage.googleapis.com/monan-bucket/NL1162.jpg,7.2,120000,0.0,2025-11-08 09:53:19,,,kg,120000.0
NL117,GH000004,https://storage.googleapis.com/monan-bucket/NL117.jpg,-6.0,150000,10.0,2025-10-30 10:12:19,2025-10-25 08:00:00,2025-10-25 13:00:00,kg,135000.0
NL1189,GH000032,https://storage.googleapis.com/monan-bucket/NL1189.jpg,30.0,182000,0.0,2025-11-17 16:45:38,,,kg,182000.0
NL1189,GHNDGKSD,https://storage.googleapis.com/monan-bucket/NL1189.jpg,25.0,185000,0.0,2025-11-17 16:45:38,,,kg,185000.0
NL1189,GHNDTH11,https://storage.googleapis.com/monan-bucket/NL1189.jpg,18.0,178000,0.0,2025-11-17 16:45:38,,,kg,178000.0
NL119,GH000033,https://storage.googleapis.com/monan-bucket/NL119.jpg,3.0,40000,0.0,2025-11-17 03:25:53,,,kg,40000.0
NL119,GHNDBR01,https://storage.googleapis.com/monan-bucket/NL119.jpg,3.3,43000,0.0,2025-11-17 03:26:09,,,kg,43000.0
NL1290,GH000030,https://storage.googleapis.com/monan-bucket/NL1290.jpg,6.0,40000,0.0,2025-11-08 13:39:02,,,kg,40000.0
NL1290,GHNDBR01,https://storage.googleapis.com/monan-bucket/NL1290_2.jpg,5.0,47000,0.0,2025-11-08 13:43:54,,,kg,47000.0
NL131,GH000030,https://storage.googleapis.com/monan-bucket/NL131_1.jpg,4.0,17000,0.0,2025-11-09 16:48:47,,,bịch 400ml,17000.0
NL131,GH000040,https://storage.googleapis.com/monan-bucket/NL131.jpg,15.0,18000,0.0,2025-11-09 16:48:26,,,bịch 250ml,18000.0
NL132,GHND1BRT,https://storage.googleapis.com/monan-bucket/NL132.jpg,20.0,15000,0.0,2025-11-17 02:45:32,,,quả,15000.0
NL132,GHNDBR03,https://storage.googleapis.com/monan-bucket/NL132_2.jpg,16.0,17000,0.0,2025-11-17 02:45:48,,,quả,17000.0
NL1349,GH54YFJH,https://storage.googleapis.com/monan-bucket/NL1349.jpg,100.0,7000,0.0,2025-10-30 11:27:35,2025-10-25 08:00:00,2025-10-25 13:00:00,cái,7000.0
NL1415,GH000033,https://storage.googleapis.com/monan-bucket/NL1415.jpg,-183.0,236000,0.0,2025-10-30 11:09:07,2025-10-25 08:00:00,2025-10-25 13:00:00,hộp,236000.0
NL1415,GHQ44968,https://storage.googleapis.com/monan-bucket/uploads/e-1764040825841.webp,-88.0,100000,10.0,2025-11-25 03:23:54,2025-11-25 03:19:14,2025-11-30 03:19:14,bó,90000.0
NL1429,GHNDBTH1,https://storage.googleapis.com/monan-bucket/NL1429.jpg,2.0,180,0.0,2025-11-08 09:31:57,,,kg,180.0
NL1455,GHNDBTH1,https://storage.googleapis.com/monan-bucket/NL1455.jpg,-144.8,12000,0.0,2025-11-08 09:25:42,,,kg,12000.0
NL15,GH000030,https://storage.googleapis.com/monan-bucket/NL15.jpg,2.0,40000,0.0,2025-11-09 16:34:48,,,kg,40000.0
NL15,GHND1BRT,https://storage.googleapis.com/monan-bucket/NL15_2.jpg,-3.5,38000,0.0,2025-11-09 16:35:09,,,kg,38000.0
NL158,GHNDTH02,https://storage.googleapis.com/monan-bucket/NL158.jpg,17.0,30000,0.0,2025-11-17 03:00:52,,,gói 200g,30000.0
NL158,GHNDTH03,https://storage.googleapis.com/monan-bucket/NL158_2.jpg,15.0,28000,0.0,2025-11-17 03:01:14,,,gói 200g,28000.0
NL1604,GHTCL001,https://storage.googleapis.com/monan-bucket/NL1604.jpg,20.0,9000,0.0,2025-11-08 09:07:29,,,quả,9000.0
NL1669,GHNDTH01,https://storage.googleapis.com/monan-bucket/NL1669.jpg,20.0,42000,0.0,2025-11-08 13:14:57,,,hộp 1L,42000.0
NL17,GHNDTH02,https://storage.googleapis.com/monan-bucket/NL17.jpg,131.0,5000,0.0,2025-11-08 13:23:58,,,túi Cholimex 180g,5000.0
NL174,GHND1BRT,https://storage.googleapis.com/monan-bucket/NL174_2.jpg,2.0,82000,0.0,2025-11-17 03:47:14,,,kg,82000.0
NL174,GHNDHH1P,https://storage.googleapis.com/monan-bucket/NL174.jpg,4.0,80000,0.0,2025-11-17 03:46:29,,,kg,80000.0
NL1742,GHNDTH03,https://storage.googleapis.com/monan-bucket/NL1742.jpg,8.0,26000,0.0,2025-11-08 13:31:22,,,túi 400g,26000.0
NL1756,GH000034,https://storage.googleapis.com/monan-bucket/NL1756.jpg,10.0,180000,0.0,2025-11-08 17:00:59,,,kg,180000.0
NL1756,GH000035,https://storage.googleapis.com/monan-bucket/NL1756.jpg,10.0,175000,0.0,2025-11-08 17:00:59,,,kg,175000.0
NL176,GH000030,https://storage.googleapis.com/monan-bucket/NL176.jpg,2.0,40000,0.0,2025-11-17 03:11:51,,,kg,40000.0
NL176,GHNDBR01,https://storage.googleapis.com/monan-bucket/NL176_2.jpg,3.3,44000,0.0,2025-11-17 03:12:26,,,kg,44000.0
NL1792,GH000036,https://storage.googleapis.com/monan-bucket/NL1792.jpg,12.0,20000,0.0,2025-11-08 17:04:45,,,gói,20000.0
NL1792,GH000037,https://storage.googleapis.com/monan-bucket/NL1792.jpg,6.0,18000,0.0,2025-11-08 17:04:45,,,gói,18000.0
NL1812,GH000033,https://storage.googleapis.com/monan-bucket/NL1812.jpg,19.0,28000,0.0,2025-11-08 17:20:42,,,hộp,28000.0
NL1812,GH000039,https://storage.googleapis.com/monan-bucket/NL1812.jpg,18.0,34000,0.0,2025-11-08 17:20:42,,,hộp,34000.0
NL1812,GH000040,https://storage.googleapis.com/monan-bucket/NL1812.jpg,21.0,31000,0.0,2025-11-08 17:20:42,,,hộp,31000.0
NL1870,GH000033,https://storage.googleapis.com/monan-bucket/NL1870.jpg,30.0,14500,0.0,2025-10-30 11:09:07,2025-10-25 08:00:00,2025-10-25 13:00:00,túi,14500.0
NL1886,GHNDBR03,https://storage.googleapis.com/monan-bucket/NL1886.jpg,3.0,15000,0.0,2025-11-08 14:06:12,,,kg,15000.0
NL189,GHNDBR02,https://storage.googleapis.com/monan-bucket/NL189.jpg,25.0,150000,0.0,2025-11-17 17:00:51,,,kg,150000.0
NL189,GHNDBTH1,https://storage.googleapis.com/monan-bucket/NL189.jpg,20.0,140000,0.0,2025-11-17 17:00:51,,,kg,140000.0
NL189,GHNDBTH3,https://storage.googleapis.com/monan-bucket/NL189.jpg,30.0,145000,0.0,2025-11-17 17:00:51,,,kg,145000.0
NL20,GHNDBR01,https://storage.googleapis.com/monan-bucket/NL20.jpg,5.0,61000,0.0,2025-11-17 02:41:19,,,kg,61000.0
NL20,GHNDBRT2,https://storage.googleapis.com/monan-bucket/NL20_2.jpg,2.3,63000,0.0,2025-11-17 02:41:42,,,kg,63000.0
NL2206,GHTCL001,https://storage.googleapis.com/monan-bucket/NL2206.jpg,50.0,7000,0.0,2025-11-08 09:09:39,,,quả,7000.0
NL236,GHNDBR01,https://storage.googleapis.com/monan-bucket/NL236.jpg,4.3,30000,0.0,2025-11-09 16:44:32,,,kg,30000.0
NL236,GHNDBR03,https://storage.googleapis.com/monan-bucket/NL236_2.jpg,-2.0,36000,0.0,2025-11-09 16:44:51,,,kg,36000.0
NL2409,GH54YFJH,https://storage.googleapis.com/monan-bucket/NL2409.jpg,10.0,53000,0.0,2025-10-30 11:27:35,2025-10-29 10:00:00,2025-10-29 15:00:00,bịch 50 cái,53000.0
NL243,GH000033,https://storage.googleapis.com/monan-bucket/NL243.jpg,10.0,30000,0.0,2025-11-09 17:49:18,,,50 g,30000.0
NL243,GH000039,https://storage.googleapis.com/monan-bucket/NL243.jpg,10.0,30000,0.0,2025-11-09 17:49:18,,,50 g,30000.0
NL243,GH000040,https://storage.googleapis.com/monan-bucket/NL243.jpg,10.0,28000,0.0,2025-11-09 17:49:18,,,50 g,28000.0
NL243,GHNDTH01,https://storage.googleapis.com/monan-bucket/NL243.jpg,10.0,31000,0.0,2025-11-09 17:49:18,,,50 g,31000.0
NL243,GHNDTH02,https://storage.googleapis.com/monan-bucket/NL243.jpg,10.0,28500,0.0,2025-11-09 17:49:18,,,50 g,28500.0
NL243,GHNDTH03,https://storage.googleapis.com/monan-bucket/NL243.jpg,10.0,27000,0.0,2025-11-09 17:49:18,,,50 g,27000.0
NL26,GH000033,https://storage.googleapis.com/monan-bucket/NL26.jpg,100.0,3500,0.0,2025-11-08 17:10:00,,,quả,3500.0
NL26,GH000039,https://storage.googleapis.com/monan-bucket/NL26.jpg,100.0,3400,0.0,2025-11-08 17:10:00,,,quả,3400.0
NL26,GH000040,https://storage.googleapis.com/monan-bucket/NL26.jpg,100.0,3400,0.0,2025-11-08 17:10:00,,,quả,3400.0
NL26,GH9238TG,https://storage.googleapis.com/monan-bucket/NL26.jpg,100.0,3500,0.0,2025-11-08 08:45:24,,,quả,3500.0
NL26,GHTCL001,https://storage.googleapis.com/monan-bucket/NL26_1.jpg,100.0,3000,0.0,2025-11-08 09:05:03,,,quả,3000.0
NL273,GHTCL001,https://storage.googleapis.com/monan-bucket/NL273.jpg,100.0,4000,0.0,2025-11-08 09:11:11,,,quả,4000.0
NL2790,GH9238TG,https://storage.googleapis.com/monan-bucket/NL2790.jpg,5.0,70000,0.0,2025-11-08 08:49:57,,,kg,70000.0
NL2790,GHNDTH15,https://storage.googleapis.com/monan-bucket/NL2790_2.jpg,-15.0,73000,0.0,2025-11-09 16:14:39,,,kg,73000.0
NL285,GH9238TG,https://storage.googleapis.com/monan-bucket/NL285.jpg,6.0,65000,0.0,2025-11-08 08:52:30,,,kg,65000.0
NL2851,GHNDTH02,https://storage.googleapis.com/monan-bucket/NL2851_2.jpg,15.0,8000,0.0,2025-11-08 14:15:20,,,gói 600g,8000.0
NL2851,GHNDTH03,https://storage.googleapis.com/monan-bucket/NL2851.jpg,10.0,8500,0.0,2025-11-08 14:14:44,,,gói 600g,8500.0
NL297,GH000030,https://storage.googleapis.com/monan-bucket/NL297.jpg,2.2,27000,0.0,2025-11-17 02:57:07,,,kg,27000.0
NL297,GHNDBR03,https://storage.googleapis.com/monan-bucket/NL297.jpg,3.4,23000,0.0,2025-11-17 02:56:43,,,kg,23000.0
NL2973,GHND1BRT,https://storage.googleapis.com/monan-bucket/NL2973.jpg,20.0,5000,0.0,2025-11-08 10:03:59,,,lạng,5000.0
NL3018,GH000040,https://storage.googleapis.com/monan-bucket/NL3018.jpg,-84.0,9000,0.0,2025-11-17 02:49:23,,,gói 50g,9000.0
NL3018,GHNDTH01,https://storage.googleapis.com/monan-bucket/NL3018_2.jpg,-3531.0,10000,0.0,2025-11-17 02:49:44,,,gói 50g,10000.0
NL3054,GH000033,https://storage.googleapis.com/monan-bucket/NL3054.jpg,14.0,50000,0.0,2025-11-17 16:48:18,,,kg,50000.0
NL3054,GH000039,https://storage.googleapis.com/monan-bucket/NL3054.jpg,15.0,55000,0.0,2025-11-17 16:48:18,,,kg,55000.0
NL3054,GH000040,https://storage.googleapis.com/monan-bucket/NL3054.jpg,25.0,51000,0.0,2025-11-17 16:48:18,,,kg,51000.0
NL3054,GHNDTH01,https://storage.googleapis.com/monan-bucket/NL3054.jpg,18.0,52000,0.0,2025-11-17 16:48:18,,,kg,52000.0
NL3054,GHNDTH02,https://storage.googleapis.com/monan-bucket/NL3054.jpg,22.0,54000,0.0,2025-11-17 16:48:18,,,kg,54000.0
NL3054,GHNDTH03,https://storage.googleapis.com/monan-bucket/NL3054.jpg,17.0,54500,0.0,2025-11-17 16:48:18,,,kg,54500.0
NL3108,GH000033,https://storage.googleapis.com/monan-bucket/NL3108.jpg,10.0,24000,0.0,2025-11-09 17:44:15,,,gói,24000.0
NL3108,GH000039,https://storage.googleapis.com/monan-bucket/NL3108.jpg,10.0,23000,0.0,2025-11-09 17:44:15,,,gói,23000.0
NL3108,GH000040,https://storage.googleapis.com/monan-bucket/NL3108.jpg,10.0,28000,0.0,2025-11-09 17:44:15,,,gói,28000.0
NL3108,GHNDTH01,https://storage.googleapis.com/monan-bucket/NL3108.jpg,10.0,22500,0.0,2025-11-09 17:44:15,,,gói,22500.0
NL3108,GHNDTH02,https://storage.googleapis.com/monan-bucket/NL3108.jpg,10.0,22000,0.0,2025-11-09 17:44:15,,,gói,22000.0
NL3108,GHNDTH03,https://storage.googleapis.com/monan-bucket/NL3108.jpg,10.0,24000,0.0,2025-11-09 17:44:15,,,gói,24000.0
NL3109,GH000033,https://storage.googleapis.com/monan-bucket/NL3109.jpg,20.0,34000,0.0,2025-11-08 14:10:31,,,chai 260g,34000.0
NL3109,GHNDTH01,https://storage.googleapis.com/monan-bucket/NL3109_2.jpg,11.0,36000,0.0,2025-11-08 14:11:18,,,chai 260g,36000.0
NL3109,GHNDTH03,https://storage.googleapis.com/monan-bucket/NL3109_3.jpg,3.0,31000,0.0,2025-11-08 14:11:50,,,chai 260g,31000.0
NL3203,GH54YFJH,https://storage.googleapis.com/monan-bucket/NL3203.jpg,50.0,14000,0.0,2025-10-30 11:27:35,2025-10-25 08:00:00,2025-10-25 13:00:00,túi 22 cái,14000.0
NL3212,GH000033,https://storage.googleapis.com/monan-bucket/NL3212.jpg,5.0,55000,0.0,2025-11-08 17:17:07,,,túi,55000.0
NL3212,GH000039,https://storage.googleapis.com/monan-bucket/NL3212.jpg,12.0,60000,0.0,2025-11-08 17:17:07,,,túi,60000.0
NL3212,GH000040,https://storage.googleapis.com/monan-bucket/NL3212.jpg,18.0,57000,0.0,2025-11-08 17:17:07,,,túi,57000.0
NL3213,GHNDBR02,https://storage.googleapis.com/monan-bucket/NL3213.jpg,10.0,125000,0.0,2025-11-09 17:52:48,,,kg,125000.0
NL3213,GHNDBTH1,https://storage.googleapis.com/monan-bucket/NL3213.jpg,10.0,130000,0.0,2025-11-09 17:52:48,,,kg,130000.0
NL3213,GHNDBTH3,https://storage.googleapis.com/monan-bucket/NL3213.jpg,10.0,128000,0.0,2025-11-09 17:52:48,,,kg,128000.0
NL3214,GH000030,https://storage.googleapis.com/monan-bucket/NL3214.jpg,5.0,29000,0.0,2025-11-09 17:56:30,,,kg,29000.0
NL3214,GHND1BRT,https://storage.googleapis.com/monan-bucket/NL3214.jpg,10.0,28000,0.0,2025-11-09 17:56:30,,,kg,28000.0
NL3214,GHNDBR01,https://storage.googleapis.com/monan-bucket/NL3214.jpg,12.0,28000,0.0,2025-11-09 17:56:30,,,kg,28000.0
NL3214,GHNDBR03,https://storage.googleapis.com/monan-bucket/NL3214.jpg,8.0,27000,0.0,2025-11-09 17:56:30,,,kg,27000.0
NL3214,GHNDBRT2,https://storage.googleapis.com/monan-bucket/NL3214.jpg,11.0,29000,0.0,2025-11-09 17:56:30,,,kg,29000.0
NL322,GHNDTH01,https://storage.googleapis.com/monan-bucket/NL322.jpg,30.0,72000,0.0,2025-11-08 13:08:33,,,food chai 400ml,72000.0
NL322,GHNDTH02,https://storage.googleapis.com/monan-bucket/NL322_2.png,15.0,65000,0.0,2025-11-08 13:21:39,,,Simply chai 400ml,65000.0
NL322,GHNDTH03,https://storage.googleapis.com/monan-bucket/NL322_3.jpg,30.0,62000,0.0,2025-11-08 13:29:05,,,Meizan chai 400ml,62000.0
NL328,GH54YFJH,https://storage.googleapis.com/monan-bucket/NL328.jpg,20.0,55000,0.0,2025-10-30 11:27:35,2025-10-25 08:00:00,2025-10-25 13:00:00,chai,55000.0
NL352,GH000030,https://storage.googleapis.com/monan-bucket/NL352.jfif,12.0,850000,0.0,2025-11-17 16:55:00,,,kg,850000.0
NL352,GHND1BRT,https://storage.googleapis.com/monan-bucket/NL352.jfif,15.0,780000,0.0,2025-11-17 16:55:00,,,kg,780000.0
NL352,GHNDBR01,https://storage.googleapis.com/monan-bucket/NL352.jfif,18.0,830000,0.0,2025-11-17 16:55:00,,,kg,830000.0
NL352,GHNDBR03,https://storage.googleapis.com/monan-bucket/NL352.jfif,10.0,810000,0.0,2025-11-17 16:55:00,,,kg,810000.0
NL352,GHNDBRT2,https://storage.googleapis.com/monan-bucket/NL352.jfif,14.0,800000,0.0,2025-11-17 16:55:00,,,kg,800000.0
NL389,GHNDBR02,https://storage.googleapis.com/monan-bucket/NL389_GH2.jpg,5.0,103000,0.0,2025-11-08 09:41:09,,,kg,103000.0
NL389,GHNDBTH1,https://storage.googleapis.com/monan-bucket/NL389_dung.jpg,7.5,10000,0.0,2025-11-08 09:21:56,,,kg,10000.0
NL389,GHNDBTH3,https://storage.googleapis.com/monan-bucket/NL389_GHNDBTH3.jpg,4.3,105000,0.0,2025-11-08 09:50:42,,,kg,105000.0
NL395,GH000030,https://storage.googleapis.com/monan-bucket/NL395_2.jpg,10.0,35000,0.0,2025-11-08 10:07:24,,,lạng,35000.0
NL395,GHND1BRT,https://storage.googleapis.com/monan-bucket/NL395.jpg,10.0,23500,0.0,2025-11-08 10:00:48,,,lạng,23500.0
NL395,GHNDBRT2,https://storage.googleapis.com/monan-bucket/NL395_3.jpg,7.0,25000,0.0,2025-11-08 10:12:53,,,lạng,25000.0
NL4,GH000030,https://storage.googleapis.com/monan-bucket/NL4.png,40.0,25000,0.0,2025-11-17 16:57:04,,,kg,25000.0
NL4,GHND1BRT,https://storage.googleapis.com/monan-bucket/NL4.png,35.0,26000,0.0,2025-11-17 16:57:04,,,kg,26000.0
NL4,GHNDBR01,https://storage.googleapis.com/monan-bucket/NL4.png,45.0,23000,0.0,2025-11-17 16:57:04,,,kg,23000.0
NL4,GHNDBR03,https://storage.googleapis.com/monan-bucket/NL4.png,38.0,24500,0.0,2025-11-17 16:57:04,,,kg,24500.0
NL4,GHNDBRT2,https://storage.googleapis.com/monan-bucket/NL4.png,42.0,27000,0.0,2025-11-17 16:57:04,,,kg,27000.0
NL420,GHNDTH01,https://storage.googleapis.com/monan-bucket/NL43.jpg,5.0,165000,0.0,2025-11-09 16:20:19,,,"chai 1,8L",165000.0
NL420,GHNDTH03,https://storage.googleapis.com/monan-bucket/NL43_2.jpg,-125.0,180000,0.0,2025-11-09 16:21:00,,,"chai 1,8L",180000.0
NL421,GHNDTH01,https://storage.googleapis.com/monan-bucket/NL421_3.jpg,-665.0,620000,0.0,2025-11-09 16:27:20,,,"chai 1,8L",620000.0
NL421,GHNDTH02,https://storage.googleapis.com/monan-bucket/NL421_2.jpg,10.0,700000,0.0,2025-11-09 16:26:09,,,"chai 1,8L",700000.0
NL421,GHNDTH03,https://storage.googleapis.com/monan-bucket/NL421.jpg,3.0,600000,0.0,2025-11-09 16:24:58,,,"chai 1,8L",600000.0
NL46,GH000030,https://storage.googleapis.com/monan-bucket/NL46_2.jpg,3.0,20000,0.0,2025-11-09 16:53:33,,,kg,20000.0
NL46,GHND1BRT,https://storage.googleapis.com/monan-bucket/NL46.jpg,25.0,22000,0.0,2025-11-09 17:34:21,,,kg,22000.0
NL46,GHNDBR01,https://storage.googleapis.com/monan-bucket/NL46.jpg,25.0,23000,0.0,2025-11-09 17:34:21,,,kg,23000.0
NL46,GHNDBR03,https://storage.googleapis.com/monan-bucket/NL46.jpg,6.0,1800,0.0,2025-11-09 16:52:39,,,kg,1800.0
NL46,GHNDBRT2,https://storage.googleapis.com/monan-bucket/NL46.jpg,20.0,21000,0.0,2025-11-09 17:34:21,,,kg,21000.0
NL467,GH000033,https://storage.googleapis.com/monan-bucket/NL467.jpg,12.0,25000,0.0,2025-11-08 17:25:13,,,chai 250g,25000.0
NL467,GH000039,https://storage.googleapis.com/monan-bucket/NL467.jpg,13.0,24000,0.0,2025-11-08 17:25:13,,,chai 250g,24000.0
NL467,GH000040,https://storage.googleapis.com/monan-bucket/NL467.jpg,15.0,27000,0.0,2025-11-08 17:25:13,,,chai 250g,27000.0
NL470,GHNDTH01,https://storage.googleapis.com/monan-bucket/NL470_2.jpg,40.0,7500,0.0,2025-11-17 03:51:11,,,túi 500g,7500.0
NL470,GHNDTH02,https://storage.googleapis.com/monan-bucket/NL470.jpg,30.0,7000,0.0,2025-11-17 03:50:45,,,túi 500g,7000.0
NL482,GH000033,https://storage.googleapis.com/monan-bucket/NL482.jpg,20.0,62000,0.0,2025-11-17 03:15:15,,,Nam Ngư chia 900ml,62000.0
NL482,GH000039,https://storage.googleapis.com/monan-bucket/NL482_2.jpg,16.0,57000,0.0,2025-11-17 03:16:45,,,Nhuận Phát chai 610ml,57000.0
NL485,GH000033,https://storage.googleapis.com/monan-bucket/NL485.jpg,40.0,15000,0.0,2025-11-17 03:53:47,,,hũ 45g,15000.0
NL485,GH000040,https://storage.googleapis.com/monan-bucket/NL485_2.jpg,64.0,12000,0.0,2025-11-17 03:54:10,,,túi 45g,12000.0
NL486,GHNDTH01,https://storage.googleapis.com/monan-bucket/NL486.jpg,20.0,17000,0.0,2025-11-09 16:39:50,,,chai 500ml,17000.0
NL486,GHNDTH02,https://storage.googleapis.com/monan-bucket/NL486_2.jpg,17.0,19000,0.0,2025-11-09 16:40:06,,,chai 500ml,19000.0
NL510,GHNDHH1P,https://storage.googleapis.com/monan-bucket/NL510.jpg,25.0,7000,0.0,2025-11-17 03:43:59,,,miếng,7000.0
NL53,GH000033,https://storage.googleapis.com/monan-bucket/NL53.jpg,30.0,27000,0.0,2025-11-17 03:05:08,,,gói 200g,27000.0
NL53,GHND1BRT,https://storage.googleapis.com/monan-bucket/NL53_2.jpg,24.0,28000,0.0,2025-11-17 03:05:33,,,gói 200g,28000.0
NL55,GH000030,https://storage.googleapis.com/monan-bucket/NL55_2.jpg,4.0,24000,0.0,2025-11-08 13:49:12,,,kg,24000.0
NL55,GHNDBR01,https://storage.googleapis.com/monan-bucket/NL55.jpg,6.4,20000,0.0,2025-11-08 13:48:09,,,kg,20000.0
NL55,GHNDBR03,https://storage.googleapis.com/monan-bucket/NL55_3.jpg,2.7,28000,0.0,2025-11-08 13:55:08,,,kg,28000.0
NL568,GHNDBR03,https://storage.googleapis.com/monan-bucket/NL568.jpg,8.0,36000,0.0,2025-11-08 13:56:53,,,kg,36000.0
NL75,GHNDBR02,https://storage.googleapis.com/monan-bucket/NL75.jpg,10.0,120000,0.0,2025-11-09 17:22:13,,,kg,120000.0
NL75,GHNDBTH1,https://storage.googleapis.com/monan-bucket/NL75.jpg,10.0,125000,0.0,2025-11-09 17:22:13,,,kg,125000.0
NL75,GHNDBTH3,https://storage.googleapis.com/monan-bucket/NL75.jpg,10.0,130000,0.0,2025-11-09 17:22:13,,,kg,130000.0
NL828,GH000030,https://storage.googleapis.com/monan-bucket/NL828.jpg,5.0,24000,0.0,2025-11-17 16:59:16,,,kg,24000.0
NL828,GHND1BRT,https://storage.googleapis.com/monan-bucket/NL828.jpg,10.0,23000,0.0,2025-11-17 16:59:16,,,kg,23000.0
NL828,GHNDBR01,https://storage.googleapis.com/monan-bucket/NL828.jpg,7.0,25000,0.0,2025-11-17 16:59:16,,,kg,25000.0
NL828,GHNDBR03,https://storage.googleapis.com/monan-bucket/NL828.jpg,8.0,23500,0.0,2025-11-17 16:59:16,,,kg,23500.0
NL828,GHNDBRT2,https://storage.googleapis.com/monan-bucket/NL828.jpg,7.0,22000,0.0,2025-11-17 16:59:16,,,kg,22000.0
NL916,GH000032,hhttps://storage.googleapis.com/monan-bucket/NL916_2.jpg,3.0,68000,0.0,2025-11-17 02:24:16,,,kg,68000.0
NL916,GHNAMXN2,https://storage.googleapis.com/monan-bucket/products/scaled_102-1765024500999.jpg,99999.0,40000,50.0,2025-12-06 12:35:02,2025-12-07 19:34:00,2025-12-10 19:34:00,con,20000.0
NL916,GHNDGKSD,hhttps://storage.googleapis.com/monan-bucket/NL916.jpg,3.0,65000,0.0,2025-11-17 02:21:59,,,kg,65000.0
NL917,GH000030,https://storage.googleapis.com/monan-bucket/NL917.jpg,1.3,70000,0.0,2025-11-17 02:29:56,,,kg,70000.0
NL917,GHND1BRT,https://storage.googleapis.com/monan-bucket/NL917_2.jpg,1.0,74000,0.0,2025-11-17 02:30:28,,,kg,74000.0
NL917,GHNDBR03,https://storage.googleapis.com/monan-bucket/NL917_3.jpg,2.3,79000,0.0,2025-11-17 02:30:55,,,kg,79000.0
NL981,GH000033,https://storage.googleapis.com/monan-bucket/NL981.jpg,48.0,11000,0.0,2025-11-17 16:50:02,,,gói,11000.0
NL981,GH000039,https://storage.googleapis.com/monan-bucket/NL981.jpg,40.0,11000,0.0,2025-11-17 16:50:02,,,gói,11000.0
NL981,GH000040,https://storage.googleapis.com/monan-bucket/NL981.jpg,60.0,10000,0.0,2025-11-17 16:50:02,,,gói,10000.0
