﻿ma_thanh_toan,hinh_thuc_thanh_toan,tai_khoan_thanh_toan,thoi_gian_thanh_toan,tinh_trang_thanh_toan
TT000001,chuyen_khoan,123456789 - Vietcombank,2025-10-29 14:30:00,da_thanh_toan
TT000002,chuyen_khoan,987654321 - ACB Bank,2025-10-30 09:45:00,da_thanh_toan
TT2FSZMI1M,chuyen_khoan,NCB#TXN=15311664#BANK=VNP15311664,2025-11-30 22:41:52,da_thanh_toan
TT43AZM7N2,chuyen_khoan,NCB#TXN=15319274#BANK=VNP15319274,2025-12-04 12:47:35,da_thanh_toan
TT4XG1PN7G,chuyen_khoan,NCB#TXN=15322584#BANK=VNP15322584,2025-12-05 21:08:18,da_thanh_toan
TT5L6QPM4M,chuyen_khoan,,2025-12-05 03:53:53,chua_thanh_toan
TT5P0XH83W,chuyen_khoan,NCB#TXN=15323793#BANK=VNP15323793,2025-12-06 17:05:17,da_thanh_toan
TT6FUIGLHP,tien_mat,,2025-12-06 12:15:33,chua_thanh_toan
TT7U552ENB,chuyen_khoan,NCB#TXN=15323195#BANK=VNP15323195,2025-12-06 10:25:46,da_thanh_toan
TT8YK9923P,chuyen_khoan,NCB#TXN=15323974#BANK=VNP15323974,2025-12-06 19:24:47,da_thanh_toan
TT8ZTFL0I0,chuyen_khoan,,2025-11-30 11:54:20,chua_thanh_toan
TT98N4TZFW,chuyen_khoan,,2025-12-05 03:58:35,chua_thanh_toan
TT9UXPY5A3,chuyen_khoan,NCB#TXN=15311429#BANK=VNP15311429,2025-11-30 19:00:58,da_thanh_toan
TT9W3WWVYF,tien_mat,,2025-12-06 14:05:35,chua_thanh_toan
TTBYOB53ZQ,tien_mat,,2025-12-02 01:58:31,chua_thanh_toan
TTEWRQVCNY,chuyen_khoan,,2025-12-04 05:43:15,chua_thanh_toan
TTFKD0H9RH,chuyen_khoan,NCB#TXN=15263461#BANK=VNP15263461,2025-11-15 20:50:27,da_thanh_toan
TTFPBJWZVF,chuyen_khoan,NCB#TXN=15311425#BANK=VNP15311425,2025-11-30 18:58:15,da_thanh_toan
TTFQPO5QKU,chuyen_khoan,NCB#TXN=15311887#BANK=VNP15311887,2025-12-01 08:49:52,da_thanh_toan
TTFRZ8KQIV,tien_mat,,2025-12-06 13:51:47,chua_thanh_toan
TTGUVW0U5Y,tien_mat,,2025-12-02 02:00:48,chua_thanh_toan
TTHGTI8RJH,chuyen_khoan,,2025-11-30 11:40:23,chua_thanh_toan
TTIJIEUBFO,chuyen_khoan,NCB#TXN=15285632#BANK=VNP15285632,2025-11-25 09:29:17,da_thanh_toan
TTIMJKR376,chuyen_khoan,NCB#TXN=15311465#BANK=VNP15311465,2025-11-30 19:48:21,da_thanh_toan
TTJHOGF6T3,chuyen_khoan,,2025-11-30 11:56:29,chua_thanh_toan
TTL1D4OC75,chuyen_khoan,NCB#TXN=15311898#BANK=VNP15311898,2025-12-01 08:54:49,da_thanh_toan
TTL1QWD8CG,chuyen_khoan,NCB#TXN=15311442#BANK=VNP15311442,2025-11-30 19:15:33,da_thanh_toan
TTLLSLLWTO,chuyen_khoan,,2025-12-05 03:25:40,chua_thanh_toan
TTMHEVUTV8,tien_mat,,2025-10-31 13:22:23,chua_thanh_toan
TTMHKOITZV,chuyen_khoan,NCB#TXN=15240000#BANK=VNP15240000,2025-10-31 11:30:00,da_thanh_toan
TTMKQ66LMF,tien_mat,,2025-12-02 03:17:17,chua_thanh_toan
TTNBUCF1J9,chuyen_khoan,NCB#TXN=15324153#BANK=VNP15324153,2025-12-06 21:06:38,da_thanh_toan
TTNYD7LQWL,chuyen_khoan,NCB#TXN=15248568#BANK=VNP15248568,2025-11-09 21:48:32,da_thanh_toan
TTP28PP0RA,chuyen_khoan,NCB#TXN=15324173#BANK=VNP15324173,2025-12-06 21:15:45,da_thanh_toan
TTR31Z9IJZ,tien_mat,,2025-12-06 09:29:30,chua_thanh_toan
TTR77OU5P9,tien_mat,,2025-12-02 04:35:34,chua_thanh_toan
TTR7ZSX3GS,tien_mat,,2025-12-01 02:29:47,chua_thanh_toan
TTRQTRODB8,chuyen_khoan,NCB#TXN=15318964#BANK=VNP15318964,2025-12-04 10:52:10,da_thanh_toan
TTS2ELPNXN,chuyen_khoan,NCB#TXN=15246152#BANK=VNP15246152,2025-11-08 07:47:48,da_thanh_toan
TTSLNFEL7V,tien_mat,,2025-12-05 04:37:37,chua_thanh_toan
TTT18DR5R2,chuyen_khoan,NCB#TXN=15285408#BANK=VNP15285408,2025-11-25 02:30:25,da_thanh_toan
TTUH9E06SN,chuyen_khoan,NCB#TXN=15323183#BANK=VNP15323183,2025-12-06 10:17:37,da_thanh_toan
TTUTSF8BKZ,tien_mat,,2025-12-06 14:15:02,chua_thanh_toan
TTV26NFMAD,chuyen_khoan,NCB,2025-11-05 09:08:19,da_thanh_toan
TTXKAX9BWY,chuyen_khoan,NCB#TXN=15311463#BANK=VNP15311463,2025-11-30 19:42:32,da_thanh_toan
TTY5OOZ7FA,tien_mat,,2025-12-06 10:27:42,chua_thanh_toan
TTYK9ALZ55,chuyen_khoan,NCB#TXN=15248626#BANK=VNP15248626,2025-11-09 22:12:43,da_thanh_toan
TTYUMYGR4J,chuyen_khoan,NCB#TXN=15314484#BANK=VNP15314484,2025-12-02 11:56:28,da_thanh_toan
TTZQ7NT5TV,chuyen_khoan,NCB#TXN=15311468#BANK=VNP15311468,2025-11-30 19:53:43,da_thanh_toan
