﻿ma_gian_hang,ten_gian_hang,ma_cho,ma_nguoi_dung,ma_quan_ly,vi_tri,hinh_anh_gian_hang,danh_gia_tb,ngay_dang_ky,ma_danh_gia,ma_nguoi_mua,ngay_danh_gia,rating,binh_luan
GH000004,Dì Chí,C01,000004,QL000008,Lô 09,https://storage.googleapis.com/monan-bucket/GH_000004.jpg,0,,,,,,
GH000030,Quầy Rau Củ Tươi A1,C01,000003,QL000008,Lô A-01,https://storage.googleapis.com/monan-bucket/GH000030.jpg,4,10/30/2025,DG000004,NM000002,10/27/2025,3,Rau hơi héo một chút nhưng giá ổn.
GH000030,Quầy Rau Củ Tươi A1,C01,000003,QL000008,Lô A-01,https://storage.googleapis.com/monan-bucket/GH000030.jpg,4,10/30/2025,DG000001,NM8ZZZWP,10/29/2025,5,"Rau củ rất tươi và sạch, sẽ ghé lại mua lần nữa!"
GH000032,Quầy Hải Sản Tươi Sống Chú Tư,C01,000010,QL000008,Lô A-03,https://storage.googleapis.com/monan-bucket/GH000032.jpg,5,10/30/2025,DG000003,NM000006,10/30/2025,5,"Hải sản cực kỳ tươi, nhân viên nhiệt tình."
GH000033,Quầy Gia Vị & Khô Bà Năm,C01,000011,QL000008,Lô C-04,https://storage.googleapis.com/monan-bucket/GH000033.jpg,4,10/30/2025,DG000005,NMPAE9Y3,10/30/2025,4,Đóng gói cẩn thận.
GH000034,Chả nem Tiến Hưng ,C01,NDTH04,QL00000,Lô N-01,https://storage.googleapis.com/monan-bucket/GH000034.jpg,0,11/8/2025,,,,,
GH000035,Chả gia truyền ,C01,NDTH05,QL00000,Lô N-02,https://storage.googleapis.com/monan-bucket/GH000035.jpg,0,11/8/2025,,,,,
GH000036,Bánh mì Kim Hùng,C01,NDTH06,QL00000,Lô M-01,https://storage.googleapis.com/monan-bucket/GH000036.jpg,0,11/8/2025,,,,,
GH000037,Bánh mì - Bánh ngót Hoa,C01,NDTH07,QL00000,Lô M-04,https://storage.googleapis.com/monan-bucket/GH000037.jpg,0,11/8/2025,,,,,
GH000038,Hạt-ngũ cốc-thực phẩm khô,C01,NDTH08,QL00000,Lô M-05,https://storage.googleapis.com/monan-bucket/GH000038.jpg,0,11/8/2025,,,,,
GH000039,Trâm Anh Food,C01,NDTH09,QL00000,Lô C-06,https://storage.googleapis.com/monan-bucket/GH000039.jpg,0,11/8/2025,,,,,
GH000040,Gia vị cô Thêm,C01,NDTH10,QL00000,Lô C-07,https://storage.googleapis.com/monan-bucket/GH000040.jpg,0,11/8/2025,,,,,
GH54YFJH,Dụng cụ cô Ba,C01,NDC3KD,﻿QL00000,Lô B-12,https://storage.googleapis.com/monan-bucket/GH_co_ba.jpg,0,10/27/2025,,,,,
GH9238TG,Thịt gà cô Hoa,C01,ND987T,QL000008,Lô C-02,https://storage.googleapis.com/monan-bucket/GH_tga_co_Hoa.jpg,0,11/8/2025,,,,,
GHND1BRT,Rau cô Mặp,C01,ND1BRT,QL000008,Lô D-01,https://storage.googleapis.com/monan-bucket/GHND1BRT.jpg,0,11/8/2025,,,,,
GHNDBR01,Cường Rau,C01,NDBR01,QL000008,Lô A-03,https://storage.googleapis.com/monan-bucket/GHNDBR01.jpg,0,11/8/2025,,,,,
GHNDBR02,Thịt heo Tính,C01,NDBR02,QL000008,Lô A-11,https://storage.googleapis.com/monan-bucket/GHNDBR02.jpg,0,11/8/2025,,,,,
GHNDBR03,Linh rau sạch,C01,NDBR03,QL000008,Lô B-04,https://storage.googleapis.com/monan-bucket/GHNDBR03.jpg,0,11/8/2025,,,,,
GHNDBRT2,Rau củ Thơm,C01,NDBRT2,QL000008,Lô D-08,https://storage.googleapis.com/monan-bucket/GHNDBRT2.jpg,0,11/8/2025,,,,,
GHNDBTH1,Ba ba rọi,C01,NDBTH1,QL000008,Lô A-02,https://storage.googleapis.com/monan-bucket/GHNDBTH1.jpg,0,11/8/2025,,,,,
GHNDBTH3,Heo 999,C01,NDBTH3,QL000008,Lô A-07,https://storage.googleapis.com/monan-bucket/GHNDBTH3.jpg,0,11/8/2025,,,,,
GHNDTH01,Tạp hóa 43,C01,NDTH01,QL000008,Lô T-02,https://storage.googleapis.com/monan-bucket/GHNDTH01.jpg,0,11/8/2025,,,,,
GHNDTH02,Thủy tạp hóa,C01,NDTH02,QL000008,Lô G-02,https://storage.googleapis.com/monan-bucket/GHNDTH02.jpg,0,11/8/2025,,,,,
GHNDTH03,Tạp hóa Trang,C01,NDTH03,QL000008,Lô C-10,https://storage.googleapis.com/monan-bucket/GHNDTH03.jpg,0,11/8/2025,,,,,
GHNDTH15,Gà tươi Minh,C01,NDTH15,QL000008,Lô D-13,https://storage.googleapis.com/monan-bucket/GHNDTH15.jpg,0,11/9/2025,,,,,
GHTCL001,Trứng chú Công,C01,NDBKS2,QL000008,Lô C-13,https://storage.googleapis.com/monan-bucket/GH_trung.jpg,0,11/8/2025,,,,,
