﻿ma_nguyen_lieu,ma_gian_hang,hinh_anh,so_luong_ban,gia_goc,phan_tram_giam_gia,ngay_cap_nhat,thoi_gian_bat_dau_giam,thoi_gian_ket_thuc_giam,don_vi_ban,gia_cuoi
NL1001,GH000030,https://storage.googleapis.com/monan-bucket/NL1001.jpg,10.0,15000,0.0,2025-10-30 10:37:49,2025-10-30 07:00:00,2025-10-30 17:00:00,kg,15000.0
NL1002,GH000030,https://storage.googleapis.com/monan-bucket/NL1002.jpg,8.0,12000,0.0,2025-10-30 10:37:49,2025-10-30 07:00:00,2025-10-30 17:00:00,kg,12000.0
NL1003,GH000030,https://storage.googleapis.com/monan-bucket/NL1003.jpg,0.5,18000,5.0,2025-10-30 10:37:49,2025-10-30 07:00:00,2025-10-30 17:00:00,kg,17100.0
NL1004,GH000030,https://storage.googleapis.com/monan-bucket/NL1004.jpg,6.0,15000,0.0,2025-10-30 10:37:49,2025-10-30 07:00:00,2025-10-30 17:00:00,kg,15000.0
NL1005,GH000030,https://storage.googleapis.com/monan-bucket/NL1005.jpg,6.7,12000,0.0,2025-10-30 10:37:49,2025-10-30 07:00:00,2025-10-30 17:00:00,kg,12000.0
NL1006,GH000004,https://storage.googleapis.com/monan-bucket/NL1006.jpg,2.7,70000,10.0,2025-10-30 09:53:43,2025-10-25 08:00:00,2025-10-25 13:00:00,kg,63000.0
NL1012,GH000004,https://storage.googleapis.com/monan-bucket/NL1012.jpg,2.3,50000,0.0,2025-10-30 10:12:19,2025-10-29 10:00:00,2025-10-29 15:00:00,kg,50000.0
NL1022,GH000032,https://storage.googleapis.com/monan-bucket/NL1022.jpg,6.0,250000,0.0,2025-10-30 11:03:05,2025-10-30 07:00:00,2025-10-30 17:00:00,kg,250000.0
NL1025,GH000032,https://storage.googleapis.com/monan-bucket/NL1025.jpg,7.0,130000,10.0,2025-10-30 11:03:05,2025-10-30 07:00:00,2025-10-30 17:00:00,kg,117000.0
NL1052,GH000032,https://storage.googleapis.com/monan-bucket/NL1052.jpg,8.0,220000,0.0,2025-10-30 11:03:05,2025-10-30 07:00:00,2025-10-30 17:00:00,kg,220000.0
NL107,GH000032,https://storage.googleapis.com/monan-bucket/NL107.jpg,6.0,180000,5.0,2025-10-30 11:03:05,2025-10-30 07:00:00,2025-10-30 17:00:00,kg,171000.0
NL1081,GH000004,https://storage.googleapis.com/monan-bucket/NL1081.jpg,1.0,30000,0.0,2025-10-30 10:12:19,2025-10-25 08:00:00,2025-10-25 13:00:00,kg,30000.0
NL1083,GH000033,https://storage.googleapis.com/monan-bucket/NL1083.jpg,11.0,13000,0.0,2025-10-30 11:09:07,2025-10-29 10:00:00,2025-10-29 15:00:00,hộp,13000.0
NL1103,GHNDBR02,https://storage.googleapis.com/monan-bucket/NL1103.jpg,6.3,90000,0.0,2025-11-08 09:44:17,,,kg,90000.0
NL1106,GH000033,https://storage.googleapis.com/monan-bucket/NL1106.jpg,17.0,30000,0.0,2025-10-30 11:09:07,2025-10-25 08:00:00,2025-10-25 13:00:00,túi,30000.0
NL1107,GHNDTH01,https://storage.googleapis.com/monan-bucket/NL1107.jpg,50.0,36000,0.0,2025-11-08 13:11:53,,,Biên Hòa pure túi 1kg,36000.0
NL1122,GH000004,https://storage.googleapis.com/monan-bucket/NL1122.jpg,1.0,100000,0.0,2025-10-30 10:12:19,2025-10-25 08:00:00,2025-10-25 13:00:00,kg,100000.0
NL1144,GH000039,https://storage.googleapis.com/monan-bucket/NL1144.jpg,10.0,45000,0.0,2025-11-09 17:26:22,,,gói,45000.0
NL1144,GH000040,https://storage.googleapis.com/monan-bucket/NL1144.jpg,10.0,47800,0.0,2025-11-09 17:26:22,,,gói,47800.0
NL1144,GHNDTH01,https://storage.googleapis.com/monan-bucket/NL1144.jpg,10.0,40000,0.0,2025-11-09 17:26:22,,,gói,40000.0
NL1144,GHNDTH02,https://storage.googleapis.com/monan-bucket/NL1144.jpg,10.0,47000,0.0,2025-11-09 17:26:22,,,gói,47000.0
NL1144,GHNDTH03,https://storage.googleapis.com/monan-bucket/NL1144.jpg,10.0,45000,0.0,2025-11-09 17:26:22,,,gói,45000.0
NL1145,GH000030,https://storage.googleapis.com/monan-bucket/NL1145.jpg,10.0,48000,0.0,2025-11-09 17:37:37,,,kg,48000.0
NL1145,GHND1BRT,https://storage.googleapis.com/monan-bucket/NL1145.jpg,10.0,48700,0.0,2025-11-09 17:37:37,,,kg,48700.0
NL1145,GHNDBR01,https://storage.googleapis.com/monan-bucket/NL1145.jpg,10.0,46000,0.0,2025-11-09 17:37:37,,,kg,46000.0
NL1145,GHNDBR03,https://storage.googleapis.com/monan-bucket/NL1145.jpg,10.0,46500,0.0,2025-11-09 17:37:37,,,kg,46500.0
NL1145,GHNDBRT2,https://storage.googleapis.com/monan-bucket/NL1145.jpg,10.0,46000,0.0,2025-11-09 17:37:37,,,kg,46000.0
NL1162,GHNDBTH3,https://storage.googleapis.com/monan-bucket/NL1162.jpg,7.2,120000,0.0,2025-11-08 09:53:19,,,kg,120000.0
NL117,GH000004,https://storage.googleapis.com/monan-bucket/NL117.jpg,3.0,150000,10.0,2025-10-30 10:12:19,2025-10-25 08:00:00,2025-10-25 13:00:00,kg,135000.0
NL1290,GH000030,https://storage.googleapis.com/monan-bucket/NL1290.jpg,7.0,40000,0.0,2025-11-08 13:39:02,,,kg,40000.0
NL1290,GHNDBR01,https://storage.googleapis.com/monan-bucket/NL1290_2.jpg,5.0,47000,0.0,2025-11-08 13:43:54,,,kg,47000.0
NL131,GH000030,https://storage.googleapis.com/monan-bucket/NL131_1.jpg,4.0,17000,0.0,2025-11-09 16:48:47,,,bịch 400ml,17000.0
NL131,GH000040,https://storage.googleapis.com/monan-bucket/NL131.jpg,15.0,18000,0.0,2025-11-09 16:48:26,,,bịch 250ml,18000.0
NL1349,GH54YFJH,https://storage.googleapis.com/monan-bucket/NL1349.jpg,100.0,7000,0.0,2025-10-30 11:27:35,2025-10-25 08:00:00,2025-10-25 13:00:00,cái,7000.0
NL1415,GH000033,https://storage.googleapis.com/monan-bucket/NL1415.jpg,-47.0,236000,0.0,2025-10-30 11:09:07,2025-10-25 08:00:00,2025-10-25 13:00:00,hộp,236000.0
NL1429,GHNDBTH1,https://storage.googleapis.com/monan-bucket/NL1429.jpg,2.0,180,0.0,2025-11-08 09:31:57,,,kg,180.0
NL1455,GHNDBTH1,https://storage.googleapis.com/monan-bucket/NL1455.jpg,5.2,12000,0.0,2025-11-08 09:25:42,,,kg,12000.0
NL15,GH000030,https://storage.googleapis.com/monan-bucket/NL15.jpg,2.0,40000,0.0,2025-11-09 16:34:48,,,kg,40000.0
NL15,GHND1BRT,https://storage.googleapis.com/monan-bucket/NL15_2.jpg,1.5,38000,0.0,2025-11-09 16:35:09,,,kg,38000.0
NL1604,GHTCL001,https://storage.googleapis.com/monan-bucket/NL1604.jpg,20.0,9000,0.0,2025-11-08 09:07:29,,,quả,9000.0
NL1669,GHNDTH01,https://storage.googleapis.com/monan-bucket/NL1669.jpg,20.0,42000,0.0,2025-11-08 13:14:57,,,hộp 1L,42000.0
NL17,GHNDTH02,https://storage.googleapis.com/monan-bucket/NL17.jpg,132.0,5000,0.0,2025-11-08 13:23:58,,,túi Cholimex 180g,5000.0
NL1742,GHNDTH03,https://storage.googleapis.com/monan-bucket/NL1742.jpg,10.0,26000,0.0,2025-11-08 13:31:22,,,túi 400g,26000.0
NL1756,GH000034,https://storage.googleapis.com/monan-bucket/NL1756.jpg,10.0,180000,0.0,2025-11-08 17:00:59,,,kg,180000.0
NL1756,GH000035,https://storage.googleapis.com/monan-bucket/NL1756.jpg,10.0,175000,0.0,2025-11-08 17:00:59,,,kg,175000.0
NL1792,GH000036,https://storage.googleapis.com/monan-bucket/NL1792.jpg,12.0,20000,0.0,2025-11-08 17:04:45,,,gói,20000.0
NL1792,GH000037,https://storage.googleapis.com/monan-bucket/NL1792.jpg,7.0,18000,0.0,2025-11-08 17:04:45,,,gói,18000.0
NL1812,GH000033,https://storage.googleapis.com/monan-bucket/NL1812.jpg,20.0,28000,0.0,2025-11-08 17:20:42,,,hộp,28000.0
NL1812,GH000039,https://storage.googleapis.com/monan-bucket/NL1812.jpg,18.0,34000,0.0,2025-11-08 17:20:42,,,hộp,34000.0
NL1812,GH000040,https://storage.googleapis.com/monan-bucket/NL1812.jpg,21.0,31000,0.0,2025-11-08 17:20:42,,,hộp,31000.0
NL1870,GH000033,https://storage.googleapis.com/monan-bucket/NL1870.jpg,30.0,14500,0.0,2025-10-30 11:09:07,2025-10-25 08:00:00,2025-10-25 13:00:00,túi,14500.0
NL1886,GHNDBR03,https://storage.googleapis.com/monan-bucket/NL1886.jpg,7.0,15000,0.0,2025-11-08 14:06:12,,,kg,15000.0
NL2206,GHTCL001,https://storage.googleapis.com/monan-bucket/NL2206.jpg,50.0,7000,0.0,2025-11-08 09:09:39,,,quả,7000.0
NL236,GHNDBR01,https://storage.googleapis.com/monan-bucket/NL236.jpg,4.3,30000,0.0,2025-11-09 16:44:32,,,kg,30000.0
NL236,GHNDBR03,https://storage.googleapis.com/monan-bucket/NL236_2.jpg,3.0,36000,0.0,2025-11-09 16:44:51,,,kg,36000.0
NL2409,GH54YFJH,https://storage.googleapis.com/monan-bucket/NL2409.jpg,10.0,53000,0.0,2025-10-30 11:27:35,2025-10-29 10:00:00,2025-10-29 15:00:00,bịch 50 cái,53000.0
NL243,GH000033,https://storage.googleapis.com/monan-bucket/NL243.jpg,10.0,30000,0.0,2025-11-09 17:49:18,,,50 g,30000.0
NL243,GH000039,https://storage.googleapis.com/monan-bucket/NL243.jpg,10.0,30000,0.0,2025-11-09 17:49:18,,,50 g,30000.0
NL243,GH000040,https://storage.googleapis.com/monan-bucket/NL243.jpg,10.0,28000,0.0,2025-11-09 17:49:18,,,50 g,28000.0
NL243,GHNDTH01,https://storage.googleapis.com/monan-bucket/NL243.jpg,10.0,31000,0.0,2025-11-09 17:49:18,,,50 g,31000.0
NL243,GHNDTH02,https://storage.googleapis.com/monan-bucket/NL243.jpg,10.0,28500,0.0,2025-11-09 17:49:18,,,50 g,28500.0
NL243,GHNDTH03,https://storage.googleapis.com/monan-bucket/NL243.jpg,10.0,27000,0.0,2025-11-09 17:49:18,,,50 g,27000.0
NL26,GH000033,https://storage.googleapis.com/monan-bucket/NL26.jpg,100.0,3500,0.0,2025-11-08 17:10:00,,,quả,3500.0
NL26,GH000039,https://storage.googleapis.com/monan-bucket/NL26.jpg,100.0,3400,0.0,2025-11-08 17:10:00,,,quả,3400.0
NL26,GH000040,https://storage.googleapis.com/monan-bucket/NL26.jpg,100.0,3400,0.0,2025-11-08 17:10:00,,,quả,3400.0
NL26,GH9238TG,https://storage.googleapis.com/monan-bucket/NL26.jpg,100.0,3500,0.0,2025-11-08 08:45:24,,,quả,3500.0
NL26,GHTCL001,https://storage.googleapis.com/monan-bucket/NL26_1.jpg,100.0,3000,0.0,2025-11-08 09:05:03,,,quả,3000.0
NL273,GHTCL001,https://storage.googleapis.com/monan-bucket/NL273.jpg,100.0,4000,0.0,2025-11-08 09:11:11,,,quả,4000.0
NL2790,GH9238TG,https://storage.googleapis.com/monan-bucket/NL2790.jpg,5.0,70000,0.0,2025-11-08 08:49:57,,,kg,70000.0
NL2790,GHNDTH15,https://storage.googleapis.com/monan-bucket/NL2790_2.jpg,3.0,73000,0.0,2025-11-09 16:14:39,,,kg,73000.0
NL285,GH9238TG,https://storage.googleapis.com/monan-bucket/NL285.jpg,6.0,65000,0.0,2025-11-08 08:52:30,,,kg,65000.0
NL2851,GHNDTH02,https://storage.googleapis.com/monan-bucket/NL2851_2.jpg,15.0,8000,0.0,2025-11-08 14:15:20,,,gói 600g,8000.0
NL2851,GHNDTH03,https://storage.googleapis.com/monan-bucket/NL2851.jpg,10.0,8500,0.0,2025-11-08 14:14:44,,,gói 600g,8500.0
NL2973,GHND1BRT,https://storage.googleapis.com/monan-bucket/NL2973.jpg,20.0,5000,0.0,2025-11-08 10:03:59,,,lạng,5000.0
NL3108,GH000033,https://storage.googleapis.com/monan-bucket/NL3108.jpg,10.0,24000,0.0,2025-11-09 17:44:15,,,gói,24000.0
NL3108,GH000039,https://storage.googleapis.com/monan-bucket/NL3108.jpg,10.0,23000,0.0,2025-11-09 17:44:15,,,gói,23000.0
NL3108,GH000040,https://storage.googleapis.com/monan-bucket/NL3108.jpg,10.0,28000,0.0,2025-11-09 17:44:15,,,gói,28000.0
NL3108,GHNDTH01,https://storage.googleapis.com/monan-bucket/NL3108.jpg,10.0,22500,0.0,2025-11-09 17:44:15,,,gói,22500.0
NL3108,GHNDTH02,https://storage.googleapis.com/monan-bucket/NL3108.jpg,10.0,22000,0.0,2025-11-09 17:44:15,,,gói,22000.0
NL3108,GHNDTH03,https://storage.googleapis.com/monan-bucket/NL3108.jpg,10.0,24000,0.0,2025-11-09 17:44:15,,,gói,24000.0
NL3109,GH000033,https://storage.googleapis.com/monan-bucket/NL3109.jpg,20.0,34000,0.0,2025-11-08 14:10:31,,,chai 260g,34000.0
NL3109,GHNDTH01,https://storage.googleapis.com/monan-bucket/NL3109_2.jpg,11.0,36000,0.0,2025-11-08 14:11:18,,,chai 260g,36000.0
NL3109,GHNDTH03,https://storage.googleapis.com/monan-bucket/NL3109_3.jpg,3.0,31000,0.0,2025-11-08 14:11:50,,,chai 260g,31000.0
NL3203,GH54YFJH,https://storage.googleapis.com/monan-bucket/NL3203.jpg,50.0,14000,0.0,2025-10-30 11:27:35,2025-10-25 08:00:00,2025-10-25 13:00:00,túi 22 cái,14000.0
NL3212,GH000033,https://storage.googleapis.com/monan-bucket/NL3212.jpg,5.0,55000,0.0,2025-11-08 17:17:07,,,túi,55000.0
NL3212,GH000039,https://storage.googleapis.com/monan-bucket/NL3212.jpg,12.0,60000,0.0,2025-11-08 17:17:07,,,túi,60000.0
NL3212,GH000040,https://storage.googleapis.com/monan-bucket/NL3212.jpg,18.0,57000,0.0,2025-11-08 17:17:07,,,túi,57000.0
NL3213,GHNDBR02,https://storage.googleapis.com/monan-bucket/NL3213.jpg,10.0,125000,0.0,2025-11-09 17:52:48,,,kg,125000.0
NL3213,GHNDBTH1,https://storage.googleapis.com/monan-bucket/NL3213.jpg,10.0,130000,0.0,2025-11-09 17:52:48,,,kg,130000.0
NL3213,GHNDBTH3,https://storage.googleapis.com/monan-bucket/NL3213.jpg,10.0,128000,0.0,2025-11-09 17:52:48,,,kg,128000.0
NL3214,GH000030,https://storage.googleapis.com/monan-bucket/NL3214.jpg,5.0,29000,0.0,2025-11-09 17:56:30,,,kg,29000.0
NL3214,GHND1BRT,https://storage.googleapis.com/monan-bucket/NL3214.jpg,10.0,28000,0.0,2025-11-09 17:56:30,,,kg,28000.0
NL3214,GHNDBR01,https://storage.googleapis.com/monan-bucket/NL3214.jpg,12.0,28000,0.0,2025-11-09 17:56:30,,,kg,28000.0
NL3214,GHNDBR03,https://storage.googleapis.com/monan-bucket/NL3214.jpg,8.0,27000,0.0,2025-11-09 17:56:30,,,kg,27000.0
NL3214,GHNDBRT2,https://storage.googleapis.com/monan-bucket/NL3214.jpg,11.0,29000,0.0,2025-11-09 17:56:30,,,kg,29000.0
NL322,GHNDTH01,https://storage.googleapis.com/monan-bucket/NL322.jpg,30.0,72000,0.0,2025-11-08 13:08:33,,,food chai 400ml,72000.0
NL322,GHNDTH02,https://storage.googleapis.com/monan-bucket/NL322_2.png,15.0,65000,0.0,2025-11-08 13:21:39,,,Simply chai 400ml,65000.0
NL322,GHNDTH03,https://storage.googleapis.com/monan-bucket/NL322_3.jpg,30.0,62000,0.0,2025-11-08 13:29:05,,,Meizan chai 400ml,62000.0
NL328,GH54YFJH,https://storage.googleapis.com/monan-bucket/NL328.jpg,20.0,55000,0.0,2025-10-30 11:27:35,2025-10-25 08:00:00,2025-10-25 13:00:00,chai,55000.0
NL389,GHNDBR02,https://storage.googleapis.com/monan-bucket/NL389_GH2.jpg,5.0,103000,0.0,2025-11-08 09:41:09,,,kg,103000.0
NL389,GHNDBTH1,https://storage.googleapis.com/monan-bucket/NL389_dung.jpg,7.5,10000,0.0,2025-11-08 09:21:56,,,kg,10000.0
NL389,GHNDBTH3,https://storage.googleapis.com/monan-bucket/NL389_GHNDBTH3.jpg,4.3,105000,0.0,2025-11-08 09:50:42,,,kg,105000.0
NL395,GH000030,https://storage.googleapis.com/monan-bucket/NL395_2.jpg,10.0,35000,0.0,2025-11-08 10:07:24,,,lạng,35000.0
NL395,GHND1BRT,https://storage.googleapis.com/monan-bucket/NL395.jpg,10.0,23500,0.0,2025-11-08 10:00:48,,,lạng,23500.0
NL395,GHNDBRT2,https://storage.googleapis.com/monan-bucket/NL395_3.jpg,7.0,25000,0.0,2025-11-08 10:12:53,,,lạng,25000.0
NL420,GHNDTH01,https://storage.googleapis.com/monan-bucket/NL43.jpg,5.0,165000,0.0,2025-11-09 16:20:19,,,"chai 1,8L",165000.0
NL420,GHNDTH03,https://storage.googleapis.com/monan-bucket/NL43_2.jpg,10.0,180000,0.0,2025-11-09 16:21:00,,,"chai 1,8L",180000.0
NL421,GHNDTH01,https://storage.googleapis.com/monan-bucket/NL421_3.jpg,10.0,620000,0.0,2025-11-09 16:27:20,,,"chai 1,8L",620000.0
NL421,GHNDTH02,https://storage.googleapis.com/monan-bucket/NL421_2.jpg,10.0,700000,0.0,2025-11-09 16:26:09,,,"chai 1,8L",700000.0
NL421,GHNDTH03,https://storage.googleapis.com/monan-bucket/NL421.jpg,3.0,600000,0.0,2025-11-09 16:24:58,,,"chai 1,8L",600000.0
NL46,GH000030,https://storage.googleapis.com/monan-bucket/NL46_2.jpg,3.0,20000,0.0,2025-11-09 16:53:33,,,kg,20000.0
NL46,GHND1BRT,https://storage.googleapis.com/monan-bucket/NL46.jpg,30.0,22000,0.0,2025-11-09 17:34:21,,,kg,22000.0
NL46,GHNDBR01,https://storage.googleapis.com/monan-bucket/NL46.jpg,25.0,23000,0.0,2025-11-09 17:34:21,,,kg,23000.0
NL46,GHNDBR03,https://storage.googleapis.com/monan-bucket/NL46.jpg,6.0,1800,0.0,2025-11-09 16:52:39,,,kg,1800.0
NL46,GHNDBRT2,https://storage.googleapis.com/monan-bucket/NL46.jpg,20.0,21000,0.0,2025-11-09 17:34:21,,,kg,21000.0
NL467,GH000033,https://storage.googleapis.com/monan-bucket/NL467.jpg,12.0,25000,0.0,2025-11-08 17:25:13,,,chai 250g,25000.0
NL467,GH000039,https://storage.googleapis.com/monan-bucket/NL467.jpg,13.0,24000,0.0,2025-11-08 17:25:13,,,chai 250g,24000.0
NL467,GH000040,https://storage.googleapis.com/monan-bucket/NL467.jpg,15.0,27000,0.0,2025-11-08 17:25:13,,,chai 250g,27000.0
NL486,GHNDTH01,https://storage.googleapis.com/monan-bucket/NL486.jpg,20.0,17000,0.0,2025-11-09 16:39:50,,,chai 500ml,17000.0
NL486,GHNDTH02,https://storage.googleapis.com/monan-bucket/NL486_2.jpg,17.0,19000,0.0,2025-11-09 16:40:06,,,chai 500ml,19000.0
NL55,GH000030,https://storage.googleapis.com/monan-bucket/NL55_2.jpg,4.0,24000,0.0,2025-11-08 13:49:12,,,kg,24000.0
NL55,GHNDBR01,https://storage.googleapis.com/monan-bucket/NL55.jpg,6.4,20000,0.0,2025-11-08 13:48:09,,,kg,20000.0
NL55,GHNDBR03,https://storage.googleapis.com/monan-bucket/NL55_3.jpg,2.7,28000,0.0,2025-11-08 13:55:08,,,kg,28000.0
NL568,GHNDBR03,https://storage.googleapis.com/monan-bucket/NL568.jpg,8.0,36000,0.0,2025-11-08 13:56:53,,,kg,36000.0
NL75,GHNDBR02,https://storage.googleapis.com/monan-bucket/NL75.jpg,10.0,120000,0.0,2025-11-09 17:22:13,,,kg,120000.0
NL75,GHNDBTH1,https://storage.googleapis.com/monan-bucket/NL75.jpg,10.0,125000,0.0,2025-11-09 17:22:13,,,kg,125000.0
NL75,GHNDBTH3,https://storage.googleapis.com/monan-bucket/NL75.jpg,10.0,130000,0.0,2025-11-09 17:22:13,,,kg,130000.0
